Date,Div Yld,Grwth Rate,Div Pay Ratio,Mkt Return,RF Rate,Premium
2/13/01,2.26%,10.76%,29.03%,10.70%,0.0184,8.86%
2/14/01,2.03%,12.47%,32.01%,10.57%,0.0299,7.58%
2/15/01,2.04%,11.47%,35.41%,9.78%,0.0211,7.67%
2/18/01,1.88%,12.58%,35.79%,10.02%,0.0246,7.55%
2/19/01,2.24%,13.64%,34.39%,11.22%,0.0262,8.60%
2/20/01,1.87%,10.91%,34.32%,8.88%,0.0188,7.00%
3/13/01,2.26%,10.82%,28.77%,10.73%,0.0191,8.82%
3/14/01,2.02%,12.39%,31.90%,10.62%,0.03,7.62%
3/17/01,2.11%,10.79%,36.04%,9.41%,0.0244,6.96%
3/18/01,1.86%,12.69%,36.03%,10.08%,0.0245,7.63%
3/19/01,2.28%,13.50%,34.63%,11.26%,0.0255,8.71%
3/20/01,1.89%,10.85%,34.81%,8.92%,0.0179,7.13%
4/13/01,2.23%,10.86%,28.82%,10.67%,0.019,8.77%
4/16/01,2.24%,11.67%,35.22%,10.04%,0.0224,7.80%
4/17/01,2.09%,10.77%,36.18%,9.40%,0.0244,6.96%
4/18/01,1.84%,12.68%,35.56%,10.08%,0.0245,7.63%
4/19/01,2.20%,13.61%,34.58%,11.12%,0.0267,8.45%
5/15/01,2.05%,11.40%,35.30%,9.86%,0.0203,7.83%
5/16/01,2.21%,11.69%,35.02%,10.04%,0.0224,7.81%
5/17/01,2.08%,10.79%,36.12%,9.40%,0.0234,7.06%
5/18/01,1.83%,12.64%,35.35%,10.03%,0.0248,7.56%
6/14/01,2.03%,12.26%,32.06%,10.54%,0.0296,7.58%
6/15/01,2.07%,11.35%,35.42%,9.88%,0.0194,7.94%
6/16/01,2.24%,11.68%,35.09%,10.09%,0.0217,7.91%
6/17/01,2.07%,10.83%,36.08%,9.40%,0.0242,6.98%
6/20/01,1.87%,10.73%,34.88%,8.78%,0.0181,6.97%
7/13/01,2.25%,11.05%,29.01%,10.71%,0.019,8.81%
7/14/01,2.01%,12.16%,32.01%,10.46%,0.0294,7.52%
7/15/01,2.04%,11.36%,35.55%,9.82%,0.0197,7.85%
7/16/01,2.29%,11.64%,35.09%,10.17%,0.0215,8.03%
7/19/01,2.18%,13.59%,34.41%,11.05%,0.027,8.36%
7/20/01,1.86%,10.78%,34.90%,8.75%,0.0182,6.94%
8/13/01,2.26%,11.04%,29.07%,10.72%,0.0187,8.85%
8/14/01,2.00%,12.14%,31.80%,10.42%,0.0299,7.43%
8/15/01,2.01%,11.36%,35.57%,9.73%,0.0202,7.71%
8/16/01,2.31%,11.60%,35.10%,10.21%,0.0212,8.10%
8/18/01,1.83%,12.50%,35.15%,9.91%,0.0248,7.43%
8/19/01,2.15%,13.58%,34.45%,10.98%,0.0273,8.25%
8/20/01,1.85%,10.83%,34.87%,8.75%,0.0187,6.88%
9/13/01,2.25%,11.02%,29.12%,10.69%,0.0186,8.84%
9/14/01,2.00%,12.16%,31.78%,10.43%,0.0297,7.46%
9/15/01,2.03%,11.34%,35.57%,9.75%,0.0195,7.81%
9/17/01,2.08%,10.82%,36.08%,9.41%,0.0237,7.04%
9/18/01,1.82%,12.63%,35.11%,9.96%,0.0255,7.41%
9/19/01,2.14%,13.50%,34.45%,10.92%,0.0271,8.21%
9/20/01,1.83%,10.94%,34.83%,8.76%,0.0186,6.90%
10/13/01,2.24%,11.01%,29.08%,10.65%,0.019,8.76%
10/14/01,2.00%,12.13%,31.83%,10.40%,0.0286,7.54%
10/17/01,2.08%,10.74%,36.05%,9.37%,0.0238,7.00%
10/18/01,1.82%,12.63%,35.04%,9.98%,0.0256,7.42%
10/19/01,2.13%,13.51%,34.53%,10.90%,0.0274,8.16%
10/20/01,1.84%,10.95%,34.81%,8.77%,0.0182,6.96%
11/13/01,2.24%,10.98%,29.08%,10.64%,0.0187,8.77%
11/16/01,2.31%,11.58%,35.10%,10.20%,0.0218,8.02%
11/17/01,2.07%,10.80%,36.03%,9.36%,0.0237,6.99%
11/18/01,1.81%,12.77%,35.03%,10.01%,0.0254,7.47%
11/19/01,2.13%,13.57%,34.43%,10.92%,0.027,8.22%
12/15/01,2.04%,11.56%,35.80%,9.88%,0.0191,7.97%
12/16/01,2.29%,11.62%,35.03%,10.15%,0.021,8.04%
12/17/01,2.08%,10.83%,36.01%,9.38%,0.0236,7.01%
12/18/01,1.80%,12.75%,35.04%,9.96%,0.0255,7.41%
1/13/02,2.19%,10.84%,29.64%,10.38%,0.0202,8.37%
1/16/02,2.28%,11.06%,35.08%,9.85%,0.0195,7.90%
1/17/02,2.08%,11.08%,36.25%,9.46%,0.0247,6.99%
1/18/02,1.80%,12.99%,34.51%,10.02%,0.0279,7.23%
1/19/02,2.08%,12.60%,34.51%,10.25%,0.0268,7.56%
2/15/02,2.05%,11.48%,36.02%,9.74%,0.0166,8.07%
2/16/02,2.32%,11.21%,35.10%,10.00%,0.0185,8.16%
2/17/02,2.08%,11.00%,36.27%,9.43%,0.0247,6.96%
2/18/02,1.83%,13.01%,34.58%,10.11%,0.0284,7.27%
3/14/02,2.13%,12.03%,32.78%,10.51%,0.0258,7.93%
3/15/02,2.04%,11.33%,36.16%,9.64%,0.0179,7.85%
3/16/02,2.32%,11.19%,35.11%,9.99%,0.0189,8.11%
3/17/02,2.06%,10.72%,36.19%,9.29%,0.0247,6.83%
3/20/02,1.86%,11.61%,34.17%,9.03%,0.0153,7.50%
4/13/02,2.22%,10.79%,29.54%,10.43%,0.0196,8.47%
4/14/02,2.12%,12.17%,32.82%,10.55%,0.0263,7.92%
4/15/02,2.05%,11.31%,36.28%,9.63%,0.0175,7.88%
4/16/02,2.30%,11.14%,35.16%,9.97%,0.0184,8.13%
4/19/02,2.06%,12.52%,33.94%,10.15%,0.0272,7.43%
4/20/02,1.83%,11.58%,34.27%,8.96%,0.016,7.36%
5/13/02,2.20%,10.79%,29.55%,10.38%,0.02,8.38%
5/14/02,2.13%,12.02%,32.83%,10.50%,0.0267,7.83%
5/15/02,2.03%,11.32%,36.30%,9.58%,0.0182,7.76%
5/16/02,2.35%,11.02%,35.42%,10.02%,0.0184,8.19%
5/18/02,1.91%,13.01%,34.50%,10.27%,0.0271,7.57%
5/19/02,2.06%,12.52%,33.92%,10.12%,0.027,7.42%
5/20/02,1.81%,11.51%,34.32%,8.88%,0.0165,7.23%
6/13/02,2.20%,10.74%,29.58%,10.35%,0.0196,8.39%
6/14/02,2.10%,11.99%,32.86%,10.41%,0.027,7.71%
6/15/02,2.04%,11.31%,36.31%,9.59%,0.0196,7.63%
6/17/02,2.07%,10.98%,36.36%,9.37%,0.0241,6.97%
6/18/02,1.88%,12.88%,34.50%,10.20%,0.028,7.40%
6/19/02,2.06%,12.40%,33.93%,10.09%,0.027,7.39%
6/20/02,1.81%,11.54%,34.33%,8.86%,0.0164,7.21%
7/13/02,2.20%,10.76%,29.56%,10.36%,0.0196,8.40%
7/14/02,2.08%,11.90%,32.98%,10.29%,0.0268,7.61%
7/17/02,2.07%,10.82%,36.37%,9.33%,0.0239,6.93%
7/18/02,1.90%,12.80%,34.50%,10.19%,0.0284,7.36%
7/19/02,2.08%,12.33%,33.95%,10.10%,0.0266,7.44%
7/20/02,1.82%,11.56%,34.33%,8.88%,0.0158,7.29%
8/13/02,2.19%,10.75%,29.60%,10.34%,0.0195,8.39%
8/16/02,2.38%,10.98%,35.55%,10.07%,0.0175,8.32%
8/17/02,2.07%,10.84%,36.42%,9.31%,0.0234,6.98%
8/18/02,1.98%,12.75%,34.50%,10.34%,0.0282,7.52%
8/19/02,2.08%,12.23%,33.98%,10.06%,0.0263,7.43%
9/15/02,2.04%,11.45%,36.20%,9.66%,0.0198,7.69%
9/16/02,2.38%,10.95%,35.56%,10.06%,0.0173,8.33%
9/17/02,2.06%,10.89%,36.43%,9.30%,0.024,6.91%
9/18/02,1.95%,12.74%,34.49%,10.29%,0.0285,7.44%
10/14/02,2.07%,11.86%,32.99%,10.26%,0.0267,7.60%
10/15/02,2.02%,11.31%,36.21%,9.62%,0.02,7.63%
10/16/02,2.39%,10.98%,35.58%,10.05%,0.0167,8.38%
10/17/02,2.06%,10.91%,36.48%,9.28%,0.0241,6.88%
10/20/02,1.80%,11.43%,34.28%,8.82%,0.0157,7.25%
11/13/02,2.19%,10.77%,29.57%,10.33%,0.0196,8.37%
11/14/02,2.05%,11.87%,33.00%,10.21%,0.0273,7.48%
11/15/02,2.03%,11.30%,36.25%,9.60%,0.0202,7.58%
11/16/02,2.42%,10.98%,35.62%,10.09%,0.0166,8.43%
11/19/02,2.08%,12.11%,34.11%,10.00%,0.0265,7.34%
11/20/02,1.80%,11.42%,34.29%,8.80%,0.016,7.20%
12/13/02,2.19%,10.73%,29.56%,10.32%,0.0198,8.34%
12/14/02,2.05%,11.87%,33.00%,10.20%,0.0276,7.44%
12/15/02,2.01%,11.30%,36.28%,9.55%,0.0198,7.57%
12/16/02,2.38%,11.05%,35.65%,10.04%,0.0175,8.29%
12/18/02,1.91%,12.68%,34.25%,10.19%,0.0286,7.33%
12/19/02,2.05%,12.01%,34.31%,9.90%,0.0269,7.21%
12/20/02,1.79%,11.46%,34.29%,8.79%,0.0163,7.16%
1/13/03,2.22%,10.71%,30.29%,10.28%,0.0184,8.43%
1/16/03,2.25%,11.21%,35.74%,9.77%,0.0183,7.95%
1/17/03,2.00%,10.87%,36.51%,9.11%,0.0245,6.65%
1/18/03,1.93%,12.99%,34.42%,10.23%,0.0281,7.42%
1/19/03,2.01%,11.80%,33.95%,9.65%,0.0275,6.89%
2/15/03,1.99%,11.36%,36.61%,9.40%,0.0208,7.32%
2/16/03,2.24%,11.19%,35.74%,9.74%,0.0184,7.90%
2/17/03,2.01%,10.86%,36.52%,9.12%,0.0248,6.64%
2/18/03,1.92%,13.02%,34.42%,10.22%,0.0286,7.36%
3/14/03,2.06%,11.88%,33.17%,10.09%,0.026,7.49%
3/15/03,2.00%,11.36%,36.60%,9.42%,0.0212,7.30%
3/16/03,2.23%,11.11%,35.75%,9.69%,0.0183,7.85%
3/17/03,2.01%,10.88%,36.52%,9.12%,0.0248,6.64%
4/13/03,2.21%,10.69%,30.29%,10.24%,0.0188,8.36%
4/14/03,2.03%,11.95%,33.17%,10.05%,0.027,7.36%
4/15/03,2.01%,11.37%,36.59%,9.44%,0.0212,7.33%
4/16/03,2.23%,11.08%,35.77%,9.66%,0.0187,7.78%
4/19/03,2.02%,11.83%,34.00%,9.66%,0.0272,6.94%
5/13/03,2.20%,10.67%,30.30%,10.19%,0.019,8.29%
5/14/03,2.03%,11.95%,33.18%,10.05%,0.0271,7.35%
5/15/03,2.01%,11.39%,36.57%,9.45%,0.0212,7.33%
5/18/03,1.90%,12.92%,34.41%,10.11%,0.0288,7.23%
5/19/03,2.02%,11.83%,34.00%,9.67%,0.0272,6.95%
6/12/03,2.15%,10.96%,26.76%,10.74%,0.0194,8.80%
6/13/03,2.19%,10.69%,30.30%,10.20%,0.0194,8.26%
6/14/03,2.03%,11.93%,33.20%,10.05%,0.0274,7.31%
6/15/03,2.04%,11.34%,36.58%,9.50%,0.0224,7.26%
6/17/03,2.02%,10.88%,36.56%,9.14%,0.025,6.64%
6/18/03,1.90%,12.92%,34.41%,10.08%,0.0289,7.19%
6/19/03,2.04%,11.82%,34.00%,9.70%,0.0269,7.01%
7/12/03,2.14%,11.03%,26.76%,10.77%,0.0198,8.79%
7/13/03,2.19%,10.74%,30.32%,10.20%,0.02,8.21%
7/14/03,2.03%,11.96%,33.21%,10.06%,0.0279,7.27%
7/16/03,2.22%,11.24%,35.78%,9.73%,0.0191,7.82%
7/17/03,2.02%,10.89%,36.57%,9.16%,0.0252,6.64%
7/18/03,1.90%,12.87%,34.43%,10.05%,0.0288,7.17%
7/19/03,2.05%,11.80%,34.00%,9.74%,0.0264,7.10%
8/12/03,2.12%,11.05%,26.78%,10.75%,0.0201,8.74%
8/13/03,2.18%,10.71%,30.33%,10.18%,0.0204,8.14%
8/16/03,2.25%,11.23%,35.80%,9.79%,0.0183,7.96%
8/17/03,2.03%,10.90%,36.57%,9.18%,0.0256,6.62%
8/18/03,1.89%,12.88%,34.47%,10.03%,0.0286,7.17%
8/19/03,2.06%,11.78%,34.00%,9.74%,0.0263,7.11%
9/12/03,2.11%,11.04%,26.79%,10.72%,0.0203,8.69%
9/15/03,2.03%,11.35%,36.65%,9.48%,0.0219,7.29%
9/16/03,2.24%,11.29%,35.79%,9.81%,0.0188,7.94%
9/17/03,2.03%,10.91%,36.54%,9.18%,0.0261,6.57%
9/18/03,1.86%,12.87%,34.51%,9.94%,0.0289,7.04%
10/14/03,2.03%,11.96%,33.21%,10.06%,0.0278,7.28%
10/15/03,2.07%,11.34%,36.66%,9.55%,0.0213,7.42%
10/16/03,2.24%,11.28%,35.80%,9.80%,0.0193,7.87%
10/17/03,2.02%,10.89%,36.53%,9.15%,0.0258,6.57%
11/13/03,2.18%,10.71%,30.34%,10.16%,0.0206,8.10%
11/14/03,2.04%,11.97%,33.23%,10.09%,0.0277,7.32%
11/15/03,2.07%,11.36%,36.67%,9.59%,0.0211,7.48%
11/16/03,2.21%,11.28%,35.81%,9.73%,0.0198,7.75%
11/19/03,2.03%,11.83%,33.95%,9.69%,0.0264,7.05%
12/12/03,2.11%,11.05%,26.81%,10.72%,0.0203,8.68%
12/13/03,2.18%,10.72%,30.35%,10.17%,0.0202,8.16%
12/14/03,2.04%,11.98%,33.24%,10.09%,0.0273,7.36%
12/15/03,2.05%,11.37%,36.68%,9.53%,0.0212,7.41%
12/18/03,1.86%,12.86%,34.51%,9.90%,0.0287,7.03%
12/19/03,2.02%,11.83%,33.91%,9.67%,0.026,7.07%
1/13/04,2.19%,10.76%,30.42%,10.14%,0.0183,8.31%
1/14/04,2.05%,11.83%,33.31%,10.05%,0.0275,7.29%
1/15/04,2.05%,11.16%,36.80%,9.45%,0.0186,7.59%
1/16/04,2.15%,11.36%,35.84%,9.60%,0.0177,7.83%
1/19/04,1.99%,11.89%,34.38%,9.59%,0.025,7.09%
2/12/04,2.13%,11.22%,26.56%,10.61%,0.0218,8.43%
2/13/04,2.18%,10.75%,30.41%,10.11%,0.0186,8.25%
2/14/04,2.04%,11.85%,33.30%,10.04%,0.028,7.24%
2/15/04,2.04%,11.16%,36.81%,9.43%,0.0191,7.52%
2/18/04,2.01%,12.66%,34.57%,10.18%,0.0273,7.45%
2/19/04,1.98%,11.99%,34.40%,9.62%,0.0247,7.15%
3/12/04,2.14%,11.22%,26.58%,10.64%,0.023,8.34%
3/13/04,2.21%,10.68%,30.40%,10.12%,0.0181,8.31%
3/14/04,2.04%,11.82%,33.29%,10.05%,0.028,7.25%
3/17/04,2.03%,11.21%,36.45%,9.36%,0.0232,7.04%
3/18/04,1.98%,12.70%,34.58%,10.14%,0.0278,7.37%
3/19/04,1.98%,12.00%,34.43%,9.62%,0.0252,7.10%
4/12/04,2.16%,11.20%,26.59%,10.68%,0.0222,8.46%
4/13/04,2.20%,10.66%,30.42%,10.10%,0.0176,8.34%
4/14/04,2.07%,11.82%,33.28%,10.11%,0.0272,7.39%
4/16/04,2.16%,11.33%,35.84%,9.60%,0.0176,7.84%
4/17/04,2.03%,11.28%,36.50%,9.38%,0.0236,7.02%
4/18/04,1.96%,12.67%,34.59%,10.08%,0.028,7.27%
4/19/04,1.97%,11.98%,34.43%,9.60%,0.0252,7.09%
5/12/04,2.16%,11.24%,26.59%,10.70%,0.0218,8.52%
5/13/04,2.21%,10.66%,30.44%,10.12%,0.0171,8.41%
5/16/04,2.19%,11.32%,35.85%,9.65%,0.0172,7.93%
5/17/04,2.03%,11.29%,36.49%,9.40%,0.0234,7.06%
5/18/04,1.95%,12.64%,34.61%,10.01%,0.0283,7.18%
5/19/04,1.96%,11.85%,34.42%,9.53%,0.025,7.04%
6/15/04,2.03%,11.13%,36.83%,9.39%,0.019,7.50%
6/16/04,2.17%,11.32%,35.88%,9.59%,0.0176,7.84%
6/17/04,2.03%,11.29%,36.49%,9.39%,0.0234,7.05%
6/18/04,1.99%,12.66%,34.64%,10.12%,0.0277,7.35%
7/14/04,2.10%,11.80%,33.26%,10.16%,0.027,7.46%
7/15/04,2.03%,11.10%,36.90%,9.39%,0.0189,7.51%
7/16/04,2.19%,11.31%,35.89%,9.64%,0.0169,7.95%
7/17/04,2.03%,11.33%,36.49%,9.41%,0.0238,7.03%
8/13/04,2.19%,10.68%,30.42%,10.11%,0.0175,8.37%
8/14/04,2.09%,11.84%,33.29%,10.16%,0.0268,7.48%
8/15/04,2.03%,11.12%,36.90%,9.38%,0.0191,7.48%
8/16/04,2.19%,11.31%,35.90%,9.64%,0.0172,7.92%
8/19/04,1.97%,11.84%,34.46%,9.51%,0.0252,6.98%
9/12/04,2.19%,11.35%,26.60%,10.79%,0.0205,8.74%
9/13/04,2.19%,10.72%,30.41%,10.11%,0.0175,8.36%
9/14/04,2.06%,11.91%,33.29%,10.12%,0.0269,7.43%
9/15/04,2.02%,11.11%,36.81%,9.36%,0.0196,7.40%
9/18/04,1.99%,12.89%,34.64%,10.19%,0.0278,7.42%
9/19/04,1.98%,11.85%,34.54%,9.53%,0.025,7.03%
10/12/04,2.23%,11.37%,26.59%,10.88%,0.0198,8.90%
10/13/04,2.16%,10.79%,30.42%,10.08%,0.018,8.28%
10/14/04,2.11%,11.87%,33.31%,10.22%,0.0265,7.57%
10/15/04,2.01%,10.92%,36.80%,9.35%,0.0195,7.41%
10/17/04,2.03%,11.32%,36.49%,9.41%,0.0237,7.05%
10/18/04,1.96%,12.98%,34.64%,10.17%,0.028,7.37%
10/19/04,1.97%,11.85%,34.56%,9.52%,0.0247,7.05%
11/12/04,2.21%,11.41%,26.60%,10.90%,0.0204,8.86%
11/13/04,2.15%,10.82%,30.43%,10.07%,0.0179,8.28%
11/14/04,2.13%,11.88%,33.19%,10.27%,0.0263,7.65%
11/16/04,2.19%,11.15%,35.93%,9.58%,0.0173,7.86%
11/17/04,2.04%,11.31%,36.48%,9.41%,0.023,7.11%
11/18/04,1.97%,13.01%,34.64%,10.21%,0.0278,7.43%
11/19/04,1.97%,11.81%,34.56%,9.50%,0.025,7.00%
12/12/04,2.18%,11.41%,26.58%,10.85%,0.0205,8.80%
12/13/04,2.16%,10.93%,30.43%,10.11%,0.0172,8.39%
12/16/04,2.17%,11.16%,35.99%,9.54%,0.0178,7.77%
12/17/04,2.04%,11.29%,36.46%,9.41%,0.0224,7.18%
12/18/04,1.95%,12.99%,34.61%,10.18%,0.0284,7.34%
12/19/04,1.96%,11.79%,34.59%,9.47%,0.0257,6.90%
1/12/05,2.20%,11.09%,26.87%,10.62%,0.0194,8.67%
1/13/05,2.20%,10.93%,30.69%,10.14%,0.0163,8.51%
1/14/05,2.07%,11.48%,33.30%,9.35%,0.0261,6.74%
1/15/05,2.04%,11.09%,35.90%,9.31%,0.0211,7.20%
1/17/05,2.01%,11.51%,36.17%,9.40%,0.0232,7.09%
1/18/05,1.99%,13.30%,34.31%,10.30%,0.0296,7.33%
1/19/05,1.96%,11.76%,34.32%,9.37%,0.025,6.87%
2/12/05,2.20%,11.11%,26.91%,10.61%,0.0193,8.68%
2/13/05,2.18%,10.96%,30.69%,10.11%,0.0163,8.48%
2/14/05,2.07%,11.47%,33.27%,9.69%,0.0258,7.11%
2/16/05,2.17%,11.25%,36.17%,9.49%,0.0187,7.62%
2/17/05,2.02%,11.48%,36.15%,9.39%,0.0228,7.11%
2/18/05,2.00%,13.28%,34.28%,10.32%,0.0297,7.36%
2/19/05,1.97%,11.76%,34.32%,9.38%,0.0254,6.84%
3/12/05,2.22%,11.10%,26.93%,10.64%,0.0193,8.70%
3/13/05,2.16%,10.99%,30.71%,10.07%,0.0174,8.33%
3/16/05,2.19%,11.23%,36.14%,9.52%,0.018,7.73%
3/17/05,2.02%,11.46%,36.13%,9.40%,0.0232,7.08%
3/18/05,2.01%,13.28%,34.31%,10.33%,0.0295,7.39%
3/19/05,1.95%,11.78%,34.30%,9.34%,0.0253,6.82%
4/12/05,2.26%,10.97%,26.95%,10.71%,0.0188,8.83%
4/15/05,2.03%,11.16%,35.82%,9.33%,0.0214,7.18%
4/16/05,2.20%,11.20%,36.13%,9.53%,0.0178,7.75%
4/17/05,2.02%,11.50%,36.12%,9.40%,0.0235,7.04%
4/18/05,1.98%,13.31%,34.27%,10.28%,0.0295,7.33%
5/14/05,2.07%,11.53%,33.23%,9.85%,0.0261,7.24%
5/15/05,2.06%,11.17%,35.82%,9.39%,0.0219,7.20%
5/16/05,2.20%,11.19%,36.14%,9.52%,0.0175,7.77%
5/17/05,2.01%,11.50%,36.12%,9.38%,0.0235,7.03%
6/13/05,2.15%,10.87%,30.72%,10.00%,0.0176,8.25%
6/14/05,2.09%,11.45%,33.23%,9.89%,0.0259,7.30%
6/15/05,2.07%,11.06%,35.82%,9.36%,0.0224,7.12%
6/16/05,2.20%,11.18%,36.13%,9.49%,0.0178,7.71%
6/19/05,1.96%,11.76%,34.31%,9.35%,0.0247,6.88%
7/12/05,2.26%,10.92%,26.96%,10.72%,0.0187,8.85%
7/13/05,2.15%,10.87%,30.71%,9.97%,0.0178,8.19%
7/14/05,2.08%,11.44%,33.17%,9.87%,0.0259,7.28%
7/15/05,2.06%,11.08%,35.83%,9.34%,0.0218,7.16%
7/18/05,1.97%,13.35%,34.30%,10.28%,0.0295,7.33%
7/19/05,1.99%,11.75%,34.31%,9.42%,0.0246,6.97%
8/12/05,2.27%,10.92%,26.96%,10.73%,0.0184,8.89%
8/13/05,2.14%,10.96%,30.72%,9.99%,0.0177,8.23%
8/14/05,2.08%,11.44%,33.17%,9.88%,0.0262,7.26%
8/15/05,2.04%,11.10%,35.83%,9.28%,0.0215,7.13%
8/17/05,2.01%,11.58%,36.11%,9.43%,0.0239,7.04%
8/18/05,1.97%,13.31%,34.20%,10.27%,0.0298,7.30%
8/19/05,1.99%,11.75%,34.31%,9.43%,0.0248,6.95%
9/12/05,2.29%,10.92%,26.99%,10.77%,0.0182,8.95%
9/13/05,2.15%,10.96%,30.74%,10.01%,0.0181,8.20%
9/14/05,2.08%,11.41%,33.17%,9.86%,0.0262,7.24%
9/16/05,2.19%,11.27%,36.12%,9.48%,0.0175,7.73%
9/17/05,2.02%,11.83%,36.13%,9.54%,0.024,7.14%
9/18/05,1.96%,13.34%,34.16%,10.24%,0.03,7.24%
9/19/05,2.00%,11.74%,34.31%,9.44%,0.0244,7.00%
10/12/05,2.28%,10.90%,26.99%,10.76%,0.0187,8.89%
10/13/05,2.14%,10.94%,30.75%,9.97%,0.019,8.08%
10/16/05,2.17%,11.28%,36.12%,9.43%,0.0176,7.67%
10/17/05,2.02%,11.84%,36.14%,9.59%,0.0241,7.18%
10/18/05,1.94%,13.40%,34.18%,10.22%,0.0296,7.26%
10/19/05,1.99%,11.71%,34.29%,9.41%,0.0247,6.94%
11/12/05,2.29%,10.90%,27.01%,10.76%,0.0184,8.92%
11/15/05,2.05%,11.08%,35.83%,9.29%,0.0228,7.02%
11/16/05,2.19%,11.28%,36.12%,9.47%,0.0174,7.73%
11/17/05,2.02%,11.78%,36.14%,9.58%,0.0239,7.20%
11/18/05,1.93%,13.68%,34.18%,10.32%,0.0297,7.35%
12/14/05,2.06%,11.37%,33.25%,9.78%,0.0266,7.12%
12/15/05,2.05%,11.08%,35.78%,9.31%,0.0225,7.06%
12/16/05,2.19%,11.27%,36.13%,9.46%,0.0175,7.71%
12/17/05,2.02%,11.71%,36.15%,9.56%,0.0233,7.23%
1/12/06,2.44%,11.08%,27.16%,10.96%,0.0145,9.51%
1/15/06,2.05%,11.19%,35.89%,9.34%,0.0218,7.16%
1/16/06,2.16%,11.23%,36.05%,9.39%,0.0184,7.56%
1/17/06,1.99%,11.83%,36.18%,9.48%,0.0221,7.27%
1/18/06,1.93%,13.75%,34.09%,10.44%,0.029,7.54%
2/14/06,2.04%,11.39%,33.25%,9.67%,0.0253,7.15%
2/15/06,2.05%,11.19%,35.93%,9.35%,0.0226,7.09%
2/16/06,2.16%,11.24%,36.05%,9.38%,0.018,7.58%
2/17/06,1.98%,11.85%,36.20%,9.47%,0.0216,7.31%
3/13/06,2.15%,10.99%,30.88%,10.03%,0.0212,7.91%
3/14/06,2.05%,11.40%,33.25%,9.68%,0.026,7.08%
3/15/06,2.05%,11.21%,35.93%,9.35%,0.0236,6.98%
3/16/06,2.16%,11.22%,36.06%,9.39%,0.017,7.69%
3/19/06,2.10%,11.87%,34.34%,9.71%,0.0207,7.64%
4/12/06,2.44%,11.08%,27.16%,10.98%,0.0152,9.46%
4/13/06,2.16%,10.99%,30.91%,10.05%,0.0215,7.90%
4/14/06,2.05%,11.41%,33.26%,10.17%,0.026,7.57%
4/15/06,2.07%,11.21%,35.93%,9.38%,0.0231,7.08%
4/18/06,1.92%,13.76%,34.09%,10.41%,0.0294,7.47%
4/19/06,2.05%,11.88%,34.34%,9.61%,0.0213,7.48%
5/12/06,2.42%,11.10%,27.19%,10.98%,0.0157,9.40%
5/13/06,2.19%,10.99%,30.91%,10.12%,0.0209,8.03%
5/14/06,2.04%,11.42%,33.27%,10.36%,0.0258,7.78%
5/15/06,2.07%,11.22%,35.94%,9.40%,0.0241,6.99%
5/17/06,1.99%,11.87%,36.21%,9.47%,0.0218,7.29%
5/18/06,1.92%,13.78%,34.09%,10.41%,0.0293,7.48%
5/19/06,2.04%,11.90%,34.35%,9.57%,0.0214,7.43%
6/12/06,2.37%,11.08%,27.22%,10.90%,0.0166,9.24%
6/13/06,2.17%,10.99%,30.93%,10.08%,0.0208,8.01%
6/14/06,2.02%,11.42%,33.25%,9.89%,0.0259,7.30%
6/16/06,2.16%,11.24%,36.08%,9.38%,0.0174,7.65%
6/17/06,1.99%,11.87%,36.23%,9.49%,0.0215,7.35%
6/18/06,1.91%,13.77%,34.10%,10.37%,0.0297,7.40%
6/19/06,2.03%,11.90%,34.37%,9.53%,0.0212,7.42%
7/12/06,2.37%,11.07%,27.25%,10.87%,0.0164,9.23%
7/13/06,2.14%,10.99%,30.71%,10.03%,0.0217,7.85%
7/16/06,2.15%,11.22%,36.09%,9.37%,0.0172,7.65%
7/17/06,1.99%,11.90%,36.23%,9.50%,0.0217,7.32%
7/18/06,1.91%,13.80%,34.09%,10.38%,0.0292,7.46%
7/19/06,2.01%,11.96%,34.36%,9.49%,0.0208,7.41%
8/12/06,2.35%,11.09%,27.26%,10.83%,0.0164,9.19%
8/15/06,2.08%,11.22%,35.97%,9.44%,0.0238,7.06%
8/16/06,2.15%,11.22%,36.09%,9.35%,0.017,7.65%
8/17/06,1.99%,11.90%,36.22%,9.50%,0.0219,7.31%
8/18/06,1.90%,13.84%,34.05%,10.38%,0.0295,7.43%
9/14/06,2.02%,11.42%,33.24%,9.66%,0.026,7.05%
9/15/06,2.08%,11.23%,35.96%,9.45%,0.0244,7.01%
9/16/06,2.15%,11.15%,36.09%,9.32%,0.0169,7.64%
9/17/06,1.99%,11.93%,36.23%,9.53%,0.022,7.33%
10/13/06,2.14%,11.01%,30.76%,10.02%,0.0221,7.81%
10/14/06,2.02%,11.42%,33.25%,9.63%,0.0264,6.98%
10/15/06,2.06%,11.24%,35.99%,9.40%,0.0248,6.92%
10/16/06,2.17%,11.15%,36.12%,9.36%,0.0164,7.72%
10/19/06,2.00%,12.03%,34.35%,9.51%,0.0215,7.36%
11/12/06,2.38%,11.06%,27.28%,10.85%,0.0159,9.26%
11/13/06,2.16%,10.95%,30.76%,10.04%,0.0219,7.85%
11/14/06,2.03%,11.44%,33.25%,9.65%,0.0264,7.01%
11/15/06,2.06%,11.23%,35.99%,9.39%,0.0238,7.01%
11/18/06,1.90%,13.86%,34.03%,10.38%,0.0295,7.43%
11/19/06,2.00%,12.04%,34.34%,9.51%,0.0214,7.37%
12/12/06,2.36%,11.05%,27.29%,10.81%,0.0166,9.15%
12/13/06,2.18%,10.94%,30.76%,10.08%,0.0223,7.85%
12/14/06,2.05%,11.42%,33.24%,9.68%,0.026,7.09%
12/15/06,2.07%,11.31%,35.95%,9.44%,0.0239,7.05%
12/17/06,1.99%,11.85%,36.34%,9.52%,0.0221,7.30%
12/18/06,1.90%,13.84%,34.02%,10.36%,0.0296,7.40%
12/19/06,2.00%,12.05%,34.34%,9.52%,0.0212,7.40%
1/13/07,2.19%,11.31%,30.95%,10.27%,0.0248,7.80%
1/14/07,2.00%,11.28%,33.21%,9.56%,0.0257,6.99%
1/15/07,2.09%,11.65%,35.83%,9.70%,0.0242,7.28%
1/16/07,2.16%,10.93%,36.13%,9.30%,0.0144,7.85%
1/19/07,1.95%,11.93%,34.50%,9.31%,0.0202,7.29%
2/12/07,2.29%,11.36%,27.15%,10.80%,0.0159,9.21%
2/13/07,2.19%,11.29%,30.94%,10.27%,0.0247,7.80%
2/14/07,2.00%,11.32%,33.23%,9.57%,0.0263,6.94%
2/15/07,2.09%,11.66%,35.83%,9.69%,0.0238,7.31%
2/18/07,1.96%,14.08%,33.98%,10.60%,0.0287,7.73%
2/19/07,1.94%,11.95%,34.52%,9.29%,0.0197,7.32%
3/12/07,2.28%,11.36%,27.15%,10.79%,0.0163,9.16%
3/13/07,2.19%,11.35%,30.95%,10.28%,0.025,7.78%
3/14/07,1.99%,11.33%,33.20%,9.55%,0.0264,6.91%
3/17/07,2.00%,11.76%,36.13%,9.48%,0.0235,7.13%
3/18/07,1.97%,13.99%,33.98%,10.61%,0.0283,7.78%
3/19/07,1.93%,11.95%,34.54%,9.26%,0.0195,7.31%
5/12/07,2.29%,11.40%,27.15%,10.81%,0.016,9.21%
5/13/07,2.17%,11.35%,30.95%,10.25%,0.0274,7.51%
5/16/07,2.17%,11.06%,36.16%,9.32%,0.0138,7.94%
5/17/07,2.00%,11.83%,36.15%,9.50%,0.0232,7.18%
5/18/07,1.96%,13.98%,33.99%,10.57%,0.0283,7.74%
5/19/07,1.93%,11.96%,34.55%,9.26%,0.0203,7.23%
6/12/07,2.31%,11.38%,27.20%,10.84%,0.0155,9.29%
6/15/07,2.10%,11.99%,35.84%,9.80%,0.0229,7.52%
6/16/07,2.16%,11.04%,36.15%,9.29%,0.0137,7.92%
6/17/07,2.02%,11.83%,36.17%,9.54%,0.0237,7.17%
6/18/07,1.94%,13.99%,34.00%,10.53%,0.0282,7.70%
7/14/07,2.00%,11.40%,33.21%,9.62%,0.0261,7.01%
7/15/07,2.08%,11.72%,35.88%,9.70%,0.0226,7.44%
7/16/07,2.17%,11.03%,36.19%,9.29%,0.0139,7.91%
7/17/07,2.01%,11.91%,36.18%,9.56%,0.0239,7.17%
8/13/07,2.15%,11.39%,30.98%,10.24%,0.0264,7.61%
8/14/07,2.01%,11.33%,33.22%,9.64%,0.0256,7.09%
8/15/07,2.12%,11.65%,35.87%,9.71%,0.0219,7.52%
8/16/07,2.13%,11.03%,36.20%,9.22%,0.0136,7.87%
8/19/07,1.94%,11.97%,34.56%,9.28%,0.0205,7.23%
9/12/07,2.32%,11.44%,27.26%,10.86%,0.0151,9.35%
9/13/07,2.14%,11.32%,30.98%,10.19%,0.0263,7.55%
9/14/07,2.01%,11.40%,33.22%,9.64%,0.0255,7.09%
9/15/07,2.11%,11.64%,35.88%,9.70%,0.0232,7.37%
9/18/07,1.92%,13.99%,33.99%,10.49%,0.0286,7.63%
9/19/07,1.94%,12.01%,34.57%,9.28%,0.0207,7.22%
10/12/07,2.34%,11.42%,27.27%,10.89%,0.015,9.39%
10/13/07,2.14%,11.32%,30.99%,10.17%,0.0262,7.55%
10/14/07,2.02%,11.37%,33.20%,9.65%,0.0254,7.11%
10/15/07,2.09%,11.60%,35.95%,9.64%,0.024,7.24%
10/17/07,2.01%,11.92%,36.22%,9.56%,0.0237,7.19%
10/18/07,1.92%,13.85%,34.01%,10.42%,0.0285,7.57%
10/19/07,1.93%,12.05%,34.59%,9.28%,0.0206,7.22%
11/12/07,2.34%,11.45%,27.35%,10.90%,0.0152,9.39%
11/13/07,2.12%,11.35%,31.01%,10.09%,0.0257,7.52%
11/14/07,2.01%,11.32%,33.42%,9.62%,0.0252,7.11%
11/16/07,2.13%,11.24%,36.24%,9.29%,0.0143,7.85%
11/17/07,2.01%,11.95%,36.23%,9.58%,0.0236,7.22%
11/18/07,1.93%,13.85%,34.02%,10.44%,0.0285,7.59%
11/19/07,1.92%,12.04%,34.58%,9.29%,0.0214,7.15%
12/12/07,2.35%,11.37%,27.38%,10.91%,0.0147,9.43%
12/13/07,2.11%,11.33%,30.96%,10.06%,0.0258,7.48%
12/16/07,2.11%,11.23%,36.29%,9.27%,0.0151,7.76%
12/17/07,1.99%,11.96%,36.23%,9.55%,0.0232,7.23%
12/18/07,1.91%,13.88%,34.02%,10.40%,0.0285,7.55%
12/19/07,1.91%,11.89%,34.59%,9.21%,0.0212,7.08%
1/12/08,2.30%,10.92%,27.95%,10.48%,0.0152,8.95%
1/13/08,2.09%,11.15%,31.17%,9.89%,0.0271,7.19%
1/14/08,2.06%,11.40%,33.11%,9.76%,0.0249,7.27%
1/16/08,2.11%,10.98%,36.27%,9.09%,0.0152,7.57%
1/17/08,1.99%,11.93%,36.21%,9.39%,0.0225,7.14%
1/18/08,1.92%,13.37%,33.77%,10.05%,0.0301,7.05%
1/19/08,1.97%,11.45%,34.10%,9.10%,0.0189,7.20%
2/12/08,2.32%,10.94%,27.97%,10.51%,0.0148,9.03%
2/13/08,2.09%,11.23%,31.20%,9.87%,0.026,7.27%
2/16/08,2.12%,10.98%,36.28%,9.12%,0.0156,7.57%
2/17/08,1.99%,11.86%,36.20%,9.37%,0.0227,7.10%
2/18/08,1.91%,13.37%,33.77%,10.03%,0.0299,7.04%
2/19/08,1.98%,11.46%,34.13%,9.14%,0.0185,7.30%
3/12/08,2.27%,10.96%,27.99%,10.46%,0.0156,8.90%
3/15/08,2.08%,11.42%,35.07%,9.44%,0.0215,7.29%
3/16/08,2.12%,11.00%,36.30%,9.13%,0.0154,7.59%
3/17/08,1.99%,11.81%,36.21%,9.36%,0.0222,7.13%
3/18/08,1.90%,13.27%,33.77%,9.98%,0.0295,7.03%
4/14/08,2.04%,11.33%,33.12%,9.70%,0.0248,7.21%
4/15/08,2.08%,11.35%,35.06%,9.43%,0.0222,7.20%
4/16/08,2.12%,10.99%,36.32%,9.13%,0.015,7.63%
4/17/08,1.99%,11.80%,36.21%,9.34%,0.0226,7.08%
5/13/08,2.09%,11.14%,31.11%,9.88%,0.0263,7.24%
5/14/08,2.07%,11.33%,33.12%,9.73%,0.0248,7.24%
5/15/08,2.08%,11.39%,35.10%,9.41%,0.0227,7.14%
5/16/08,2.10%,10.98%,36.32%,9.09%,0.0159,7.50%
5/19/08,2.04%,11.50%,34.10%,9.30%,0.0171,7.59%
6/12/08,2.27%,10.94%,27.99%,10.44%,0.0157,8.87%
6/13/08,2.10%,11.15%,31.14%,9.90%,0.0264,7.26%
6/14/08,2.08%,11.34%,33.14%,9.74%,0.0247,7.27%
6/15/08,2.09%,11.38%,35.10%,9.45%,0.0222,7.22%
6/18/08,1.89%,13.29%,33.79%,9.96%,0.0294,7.02%
6/19/08,2.02%,11.52%,34.14%,9.26%,0.017,7.56%
7/12/08,2.26%,10.94%,27.98%,10.42%,0.0163,8.79%
7/13/08,2.11%,11.16%,31.15%,9.92%,0.026,7.32%
7/14/08,2.09%,11.33%,33.20%,9.76%,0.0241,7.35%
7/15/08,2.10%,11.38%,35.10%,9.46%,0.0216,7.30%
7/17/08,1.98%,11.82%,36.21%,9.35%,0.0225,7.09%
7/18/08,1.89%,13.27%,33.80%,9.94%,0.0297,6.96%
7/19/08,2.01%,11.52%,34.16%,9.24%,0.0173,7.51%
8/12/08,2.26%,10.90%,27.97%,10.40%,0.0165,8.75%
8/13/08,2.10%,11.13%,31.15%,9.93%,0.0259,7.34%
8/14/08,2.07%,11.34%,33.19%,9.71%,0.0242,7.29%
8/16/08,2.11%,10.98%,36.32%,9.09%,0.0159,7.50%
8/17/08,1.99%,11.80%,36.20%,9.35%,0.0226,7.09%
8/18/08,1.89%,13.28%,33.81%,9.93%,0.0296,6.97%
8/19/08,1.98%,11.52%,34.16%,9.16%,0.0172,7.44%
9/12/08,2.26%,10.90%,27.98%,10.40%,0.0169,8.71%
9/13/08,2.11%,11.15%,31.15%,9.95%,0.0258,7.37%
9/16/08,2.11%,10.98%,36.33%,9.09%,0.0155,7.55%
9/17/08,1.99%,11.77%,36.19%,9.33%,0.0225,7.09%
9/18/08,1.89%,13.31%,33.80%,9.94%,0.0293,7.01%
9/19/08,1.99%,11.52%,34.17%,9.17%,0.0175,7.42%
10/12/08,2.25%,10.85%,27.99%,10.37%,0.0166,8.72%
10/15/08,2.08%,11.31%,35.10%,9.38%,0.0223,7.16%
10/16/08,2.12%,10.97%,36.38%,9.09%,0.0151,7.59%
10/17/08,2.02%,11.75%,36.20%,9.39%,0.022,7.19%
10/18/08,1.91%,13.32%,33.80%,9.96%,0.0287,7.09%
11/14/08,2.06%,11.51%,33.21%,9.75%,0.0243,7.33%
11/15/08,2.09%,11.33%,35.10%,9.42%,0.0214,7.27%
11/16/08,2.11%,10.98%,36.38%,9.08%,0.0156,7.52%
11/17/08,2.02%,11.78%,36.19%,9.39%,0.0219,7.21%
12/13/08,2.12%,11.25%,31.15%,9.95%,0.0262,7.32%
12/14/08,2.07%,11.49%,33.22%,9.79%,0.0245,7.34%
12/15/08,2.09%,11.30%,35.10%,9.41%,0.0215,7.26%
12/16/08,2.11%,11.06%,36.38%,9.11%,0.0151,7.60%
12/19/08,2.01%,11.49%,34.20%,9.20%,0.0165,7.55%
1/15/09,2.28%,11.34%,35.18%,9.85%,0.0215,7.69%
1/16/09,2.12%,10.97%,36.28%,9.14%,0.0157,7.58%
1/17/09,1.99%,12.16%,36.11%,9.50%,0.0217,7.34%
2/14/09,2.00%,11.48%,33.28%,9.60%,0.0242,7.17%
2/15/09,2.24%,11.39%,35.17%,9.79%,0.0218,7.60%
2/16/09,2.11%,10.95%,36.29%,9.12%,0.016,7.52%
3/13/09,2.18%,11.24%,31.17%,10.19%,0.0286,7.34%
3/14/09,2.00%,11.47%,33.28%,9.60%,0.024,7.20%
3/15/09,2.24%,11.39%,35.08%,9.78%,0.0216,7.62%
3/19/09,2.00%,11.42%,34.22%,9.10%,0.0146,7.64%
4/12/09,2.25%,11.12%,28.13%,10.50%,0.0157,8.93%
4/13/09,2.17%,11.23%,31.17%,10.15%,0.029,7.25%
4/14/09,2.00%,11.46%,33.28%,9.60%,0.0245,7.15%
4/15/09,2.27%,11.40%,35.08%,9.85%,0.0212,7.73%
4/18/09,1.87%,13.63%,33.69%,10.00%,0.029,7.10%
4/19/09,1.98%,11.42%,34.22%,9.06%,0.0147,7.59%
5/12/09,2.26%,11.09%,28.13%,10.51%,0.016,8.91%
5/13/09,2.16%,11.22%,31.17%,10.14%,0.0299,7.15%
5/14/09,1.99%,11.46%,33.28%,9.57%,0.0246,7.11%
5/17/09,2.01%,12.14%,36.16%,9.53%,0.0206,7.47%
5/18/09,1.87%,13.55%,33.69%,10.00%,0.029,7.10%
5/19/09,1.96%,11.48%,34.22%,9.02%,0.0156,7.47%
6/12/09,2.21%,11.11%,28.13%,10.44%,0.0168,8.76%
6/13/09,2.16%,11.20%,31.17%,10.13%,0.0293,7.20%
6/16/09,2.10%,11.00%,36.21%,9.11%,0.0153,7.58%
6/17/09,2.01%,12.16%,36.16%,9.52%,0.0211,7.42%
6/18/09,1.88%,13.46%,33.69%,9.99%,0.0287,7.11%
6/19/09,1.96%,11.45%,34.23%,9.01%,0.0156,7.45%
7/12/09,2.20%,11.13%,28.19%,10.41%,0.0167,8.74%
7/16/09,2.10%,11.01%,36.22%,9.11%,0.0154,7.58%
7/17/09,2.01%,12.19%,36.16%,9.52%,0.0204,7.49%
7/18/09,1.89%,13.45%,33.69%,10.00%,0.0294,7.06%
8/14/09,2.00%,11.46%,33.28%,9.59%,0.0247,7.11%
8/15/09,2.22%,11.44%,35.00%,9.75%,0.0218,7.57%
8/16/09,2.10%,11.14%,36.12%,9.16%,0.016,7.56%
8/17/09,2.01%,12.09%,36.15%,9.51%,0.0205,7.45%
9/13/09,2.14%,11.25%,31.20%,10.11%,0.0291,7.19%
9/14/09,2.01%,11.45%,33.29%,9.62%,0.025,7.11%
9/15/09,2.25%,11.44%,35.02%,9.80%,0.022,7.60%
9/16/09,2.15%,11.14%,36.13%,9.28%,0.0168,7.60%
9/19/09,1.96%,11.40%,34.23%,9.01%,0.0164,7.37%
10/12/09,2.22%,10.97%,28.19%,10.36%,0.0165,8.70%
10/13/09,2.13%,11.26%,31.22%,10.08%,0.0296,7.11%
10/14/09,2.01%,11.47%,33.30%,9.61%,0.0254,7.07%
10/15/09,2.24%,11.45%,35.03%,9.78%,0.0222,7.56%
10/18/09,1.88%,13.43%,33.69%,9.97%,0.0293,7.04%
10/19/09,1.96%,11.37%,34.24%,9.01%,0.0173,7.28%
11/12/09,2.21%,10.98%,28.17%,10.33%,0.017,8.63%
11/13/09,2.12%,11.27%,31.17%,10.07%,0.0291,7.15%
11/14/09,2.01%,11.47%,33.30%,9.61%,0.0255,7.06%
11/15/09,2.23%,11.32%,35.01%,9.68%,0.0219,7.49%
11/17/09,1.99%,11.97%,36.12%,9.41%,0.0213,7.28%
11/18/09,1.87%,13.48%,33.67%,9.95%,0.0298,6.98%
11/19/09,1.94%,11.35%,34.25%,8.97%,0.0174,7.23%
12/12/09,2.21%,11.01%,28.16%,10.33%,0.0176,8.58%
12/13/09,2.13%,11.27%,31.16%,10.08%,0.0291,7.17%
12/14/09,2.02%,11.55%,33.30%,9.68%,0.0261,7.07%
12/16/09,2.12%,11.15%,36.14%,9.24%,0.0166,7.58%
12/17/09,1.99%,12.00%,36.12%,9.39%,0.0217,7.23%
12/18/09,1.87%,13.48%,33.67%,9.95%,0.0296,6.99%
12/19/09,1.94%,11.37%,34.26%,8.96%,0.0177,7.19%
1/12/10,2.22%,11.19%,28.81%,10.43%,0.0163,8.80%
1/13/10,2.13%,11.40%,31.13%,10.08%,0.0265,7.43%
1/14/10,2.07%,11.43%,33.41%,9.71%,0.0239,7.33%
1/15/10,2.33%,11.07%,35.54%,9.63%,0.0204,7.59%
1/18/10,1.88%,13.56%,33.54%,9.96%,0.0308,6.87%
1/19/10,2.00%,11.29%,34.28%,9.02%,0.0164,7.38%
2/12/10,2.21%,11.17%,28.79%,10.45%,0.0162,8.83%
2/13/10,2.14%,11.45%,31.13%,10.11%,0.0262,7.49%
2/14/10,2.07%,11.42%,33.41%,9.72%,0.0243,7.29%
2/15/10,2.24%,11.21%,35.01%,9.58%,0.0199,7.59%
2/17/10,1.97%,11.83%,35.91%,9.29%,0.0234,6.95%
2/18/10,1.88%,13.48%,33.55%,9.94%,0.0306,6.88%
2/19/10,2.04%,11.33%,34.30%,9.12%,0.016,7.52%
3/12/10,2.21%,11.27%,28.83%,10.47%,0.0162,8.86%
3/13/10,2.16%,11.45%,31.14%,10.16%,0.0261,7.55%
3/14/10,2.05%,11.41%,33.43%,9.66%,0.0243,7.23%
3/16/10,2.13%,11.56%,36.03%,9.40%,0.0162,7.78%
3/17/10,1.97%,12.10%,35.87%,9.42%,0.0232,7.09%
3/18/10,1.88%,13.50%,33.56%,9.96%,0.0318,6.78%
3/19/10,2.03%,11.33%,34.38%,9.09%,0.0153,7.56%
4/12/10,2.19%,11.22%,28.82%,10.46%,0.0167,8.79%
4/13/10,2.14%,11.45%,31.15%,10.13%,0.0265,7.49%
4/16/10,2.14%,11.56%,36.03%,9.46%,0.0169,7.77%
4/17/10,1.97%,12.09%,35.92%,9.42%,0.0232,7.10%
4/18/10,1.90%,13.46%,33.57%,10.00%,0.0319,6.81%
4/19/10,2.00%,11.32%,34.39%,9.02%,0.0153,7.49%
5/12/10,2.19%,11.37%,28.79%,10.53%,0.0174,8.78%
5/15/10,2.20%,11.22%,35.00%,9.50%,0.0206,7.44%
5/16/10,2.13%,11.58%,36.02%,9.46%,0.017,7.76%
5/17/10,1.96%,12.15%,35.95%,9.43%,0.0235,7.08%
5/18/10,1.91%,13.52%,33.57%,10.05%,0.0323,6.82%
6/14/10,2.05%,11.39%,33.43%,9.65%,0.0242,7.23%
6/15/10,2.21%,11.18%,35.03%,9.49%,0.0203,7.46%
6/16/10,2.13%,11.59%,36.03%,9.46%,0.0174,7.72%
6/17/10,1.96%,12.18%,36.00%,9.45%,0.0236,7.09%
7/13/10,2.16%,11.43%,31.07%,10.15%,0.0263,7.53%
7/14/10,2.08%,11.39%,33.44%,9.72%,0.0234,7.38%
7/15/10,2.19%,11.18%,35.05%,9.46%,0.0207,7.39%
7/16/10,2.13%,11.63%,36.01%,9.48%,0.0172,7.77%
7/19/10,2.01%,11.26%,34.38%,9.00%,0.0156,7.45%
8/12/10,2.20%,11.46%,28.78%,10.59%,0.0174,8.84%
8/13/10,2.18%,11.33%,31.14%,10.17%,0.0263,7.54%
8/14/10,2.05%,11.38%,33.45%,9.64%,0.0232,7.32%
8/15/10,2.17%,11.14%,35.04%,9.40%,0.021,7.30%
8/18/10,1.91%,13.65%,33.55%,10.13%,0.0323,6.90%
8/19/10,2.04%,11.27%,34.38%,9.06%,0.0153,7.53%
9/12/10,2.22%,11.52%,28.76%,10.68%,0.0171,8.97%
9/13/10,2.18%,11.39%,31.16%,10.20%,0.0266,7.53%
9/14/10,2.09%,11.51%,33.45%,9.78%,0.0231,7.47%
9/15/10,2.17%,11.12%,35.06%,9.38%,0.0209,7.29%
9/17/10,1.96%,12.41%,35.98%,9.54%,0.0236,7.19%
9/18/10,1.91%,13.70%,33.55%,10.15%,0.0321,6.95%
9/19/10,2.02%,11.26%,34.40%,9.03%,0.0158,7.44%
10/12/10,2.24%,11.32%,28.79%,10.65%,0.0167,8.98%
10/13/10,2.14%,11.33%,31.18%,10.07%,0.0268,7.38%
10/14/10,2.12%,11.45%,33.47%,9.83%,0.0228,7.55%
10/16/10,2.12%,11.20%,36.00%,9.30%,0.0172,7.58%
10/17/10,1.96%,12.40%,35.95%,9.55%,0.0236,7.19%
10/18/10,1.98%,13.63%,33.60%,10.30%,0.0316,7.14%
10/19/10,2.01%,11.24%,34.43%,8.99%,0.0167,7.32%
11/12/10,2.24%,11.29%,28.79%,10.63%,0.0167,8.96%
11/13/10,2.12%,11.38%,31.19%,10.04%,0.0269,7.35%
11/16/10,2.15%,11.17%,36.02%,9.28%,0.0176,7.52%
11/17/10,1.95%,12.27%,35.94%,9.49%,0.0235,7.15%
11/18/10,2.02%,13.68%,33.61%,10.43%,0.0315,7.28%
11/19/10,1.99%,11.26%,34.44%,8.95%,0.0173,7.22%
12/12/10,2.24%,11.19%,28.80%,10.61%,0.0166,8.95%
12/15/10,2.17%,11.13%,34.84%,9.35%,0.0209,7.26%
12/16/10,2.15%,11.19%,36.01%,9.28%,0.0177,7.51%
12/17/10,1.96%,12.15%,35.88%,9.43%,0.0232,7.12%
12/18/10,1.99%,13.80%,33.58%,10.40%,0.0316,7.24%
1/12/11,2.25%,10.87%,28.66%,10.38%,0.0172,8.66%
1/13/11,2.06%,11.38%,31.30%,9.78%,0.0262,7.16%
1/16/11,2.19%,11.17%,35.85%,9.32%,0.0183,7.50%
1/17/11,1.94%,12.02%,35.87%,9.40%,0.0237,7.03%
1/18/11,2.01%,13.43%,33.36%,10.26%,0.0313,7.13%
1/19/11,1.93%,10.95%,34.16%,8.68%,0.0171,6.97%
2/12/11,2.28%,10.89%,28.67%,10.42%,0.0172,8.71%
2/15/11,2.09%,11.17%,34.45%,9.23%,0.0217,7.05%
2/16/11,2.21%,11.16%,35.87%,9.35%,0.018,7.55%
2/17/11,1.94%,11.98%,35.84%,9.37%,0.0235,7.02%
2/18/11,2.03%,13.48%,33.36%,10.30%,0.0321,7.09%
3/14/11,2.01%,11.64%,33.44%,9.57%,0.0234,7.23%
3/15/11,2.09%,11.33%,34.48%,9.23%,0.0221,7.02%
3/16/11,2.22%,11.12%,35.87%,9.37%,0.0181,7.55%
3/17/11,1.94%,12.03%,35.82%,9.37%,0.0233,7.04%
4/13/11,2.06%,11.41%,31.27%,9.77%,0.026,7.16%
4/14/11,2.02%,11.63%,33.47%,9.58%,0.0233,7.24%
4/15/11,2.09%,11.36%,34.49%,9.26%,0.0223,7.04%
4/16/11,2.22%,11.31%,35.88%,9.43%,0.0178,7.65%
4/19/11,1.93%,10.92%,34.10%,8.64%,0.0178,6.86%
5/12/11,2.27%,10.92%,28.65%,10.43%,0.0168,8.74%
5/13/11,2.06%,11.40%,31.28%,9.78%,0.0267,7.11%
5/14/11,2.01%,11.62%,33.43%,9.55%,0.0234,7.21%
5/15/11,2.10%,11.40%,34.51%,9.27%,0.0223,7.04%
5/18/11,2.02%,13.34%,33.39%,10.26%,0.032,7.05%
5/19/11,1.93%,10.84%,34.12%,8.63%,0.0186,6.77%
6/12/11,2.25%,10.84%,28.65%,10.37%,0.0175,8.62%
6/13/11,2.06%,11.36%,31.30%,9.74%,0.0264,7.10%
6/14/11,2.00%,11.62%,33.43%,9.52%,0.0239,7.13%
6/15/11,2.10%,11.47%,34.54%,9.30%,0.0233,6.98%
6/17/11,1.93%,12.21%,35.79%,9.46%,0.0232,7.14%
6/18/11,2.01%,13.30%,33.36%,10.19%,0.0323,6.96%
6/19/11,1.93%,10.83%,34.11%,8.62%,0.0183,6.79%
7/12/11,2.31%,10.85%,28.64%,10.46%,0.0165,8.82%
7/13/11,2.08%,11.33%,31.30%,9.79%,0.026,7.19%
7/14/11,2.00%,11.61%,33.35%,9.50%,0.023,7.20%
7/16/11,2.18%,11.29%,35.92%,9.34%,0.0183,7.52%
7/17/11,1.93%,12.23%,35.78%,9.47%,0.0231,7.16%
7/18/11,1.96%,13.41%,33.36%,10.10%,0.0324,6.87%
7/19/11,1.92%,10.80%,34.12%,8.60%,0.0192,6.68%
8/12/11,2.34%,10.83%,28.63%,10.52%,0.0162,8.91%
8/13/11,2.06%,11.36%,31.31%,9.75%,0.0275,7.00%
8/16/11,2.17%,11.32%,35.91%,9.31%,0.0186,7.46%
8/17/11,1.93%,12.22%,35.78%,9.46%,0.0233,7.13%
8/18/11,1.97%,13.39%,33.38%,10.09%,0.0324,6.85%
8/19/11,1.92%,10.83%,34.14%,8.60%,0.0194,6.66%
9/12/11,2.34%,10.92%,28.66%,10.57%,0.0161,8.96%
9/15/11,2.12%,11.56%,34.61%,9.40%,0.0234,7.05%
9/16/11,2.15%,11.29%,35.92%,9.27%,0.0206,7.21%
9/17/11,1.94%,12.22%,35.78%,9.47%,0.0234,7.13%
9/18/11,1.99%,13.28%,33.37%,10.09%,0.0318,6.91%
10/14/11,1.99%,11.52%,33.37%,9.46%,0.0236,7.10%
10/15/11,2.12%,11.57%,34.63%,9.40%,0.0234,7.06%
10/16/11,2.15%,11.23%,35.94%,9.26%,0.0215,7.11%
10/17/11,1.94%,12.21%,35.75%,9.48%,0.024,7.08%
11/13/11,2.06%,11.52%,31.31%,9.80%,0.0275,7.06%
11/14/11,1.99%,11.56%,33.38%,9.46%,0.0236,7.10%
11/15/11,2.13%,11.61%,34.62%,9.42%,0.0233,7.09%
11/16/11,2.15%,11.22%,35.93%,9.26%,0.0215,7.11%
11/19/11,1.92%,10.88%,34.20%,8.62%,0.0194,6.68%
12/12/11,2.34%,10.90%,28.63%,10.56%,0.0161,8.96%
12/13/11,2.06%,11.51%,31.31%,9.83%,0.0277,7.06%
12/14/11,2.00%,11.57%,33.38%,9.46%,0.0237,7.09%
12/15/11,2.15%,11.62%,34.62%,9.48%,0.0231,7.17%
12/18/11,2.03%,13.22%,33.39%,10.16%,0.0318,6.98%
12/19/11,1.92%,10.79%,34.20%,8.60%,0.0194,6.66%
1/14/12,1.98%,11.60%,33.45%,9.41%,0.0224,7.18%
1/15/12,2.10%,11.45%,34.59%,9.29%,0.0214,7.15%
1/16/12,2.14%,11.10%,35.95%,9.20%,0.0245,6.76%
1/17/12,1.88%,12.00%,35.61%,9.20%,0.0236,6.84%
2/13/12,2.03%,11.86%,31.15%,9.89%,0.028,7.10%
2/14/12,1.98%,11.66%,33.46%,9.40%,0.0229,7.11%
2/15/12,2.12%,11.48%,34.58%,9.33%,0.0218,7.15%
2/16/12,2.13%,11.09%,35.97%,9.20%,0.0238,6.81%
2/19/12,1.91%,10.84%,34.31%,8.52%,0.0182,6.71%
3/12/12,2.30%,10.84%,28.76%,10.33%,0.0162,8.71%
3/13/12,2.04%,11.87%,31.16%,9.92%,0.0278,7.13%
3/13/12,2.08%,11.04%,26.81%,10.65%,0.0213,8.53%
3/14/12,1.97%,11.66%,33.46%,9.39%,0.0228,7.11%
3/14/12,2.09%,11.08%,26.81%,10.64%,0.0227,8.37%
3/15/12,2.15%,11.46%,34.58%,9.39%,0.0231,7.08%
3/15/12,2.07%,11.06%,26.84%,10.61%,0.0228,8.33%
3/16/12,2.07%,11.04%,26.85%,10.60%,0.0229,8.30%
3/18/12,1.98%,13.51%,33.50%,10.18%,0.0297,7.21%
3/19/12,1.93%,10.86%,34.31%,8.56%,0.0172,6.84%
3/19/12,2.14%,11.01%,26.86%,10.57%,0.0238,8.19%
3/20/12,2.15%,11.02%,26.93%,10.58%,0.0236,8.22%
3/21/12,2.15%,11.02%,26.94%,10.58%,0.023,8.29%
3/22/12,2.17%,11.02%,26.96%,10.60%,0.0228,8.33%
3/23/12,2.16%,11.01%,26.94%,10.60%,0.0223,8.37%
3/26/12,2.13%,11.02%,26.93%,10.55%,0.0225,8.31%
3/27/12,2.14%,11.01%,26.92%,10.54%,0.0218,8.36%
3/28/12,2.15%,10.98%,26.92%,10.54%,0.022,8.34%
3/29/12,2.15%,11.01%,26.93%,10.56%,0.0216,8.40%
3/30/12,2.15%,10.99%,26.93%,10.55%,0.0221,8.34%
4/12/12,2.30%,10.84%,28.76%,10.34%,0.016,8.74%
4/13/12,2.04%,11.86%,31.16%,9.92%,0.0283,7.09%
4/13/12,2.21%,11.38%,26.57%,10.87%,0.0198,8.89%
4/14/12,1.98%,11.65%,33.47%,9.38%,0.0223,7.14%
4/15/12,2.11%,11.48%,34.59%,9.31%,0.0227,7.04%
4/16/12,2.22%,11.32%,26.59%,10.86%,0.0198,8.88%
4/17/12,1.89%,11.88%,35.59%,9.18%,0.0237,6.81%
4/17/12,2.18%,11.18%,26.58%,10.79%,0.02,8.79%
4/18/12,2.05%,13.56%,33.49%,10.36%,0.0291,7.45%
4/18/12,2.19%,11.31%,26.67%,10.80%,0.0198,8.83%
4/19/12,1.91%,10.85%,34.32%,8.53%,0.0177,6.76%
4/19/12,2.20%,11.09%,26.67%,10.75%,0.0197,8.79%
4/20/12,2.20%,11.09%,26.68%,10.73%,0.0196,8.77%
4/23/12,2.22%,11.13%,26.69%,10.77%,0.0194,8.83%
4/24/12,2.23%,11.12%,26.69%,10.77%,0.0197,8.79%
4/25/12,2.22%,11.18%,26.67%,10.74%,0.0198,8.75%
4/26/12,2.21%,11.15%,26.73%,10.69%,0.0194,8.76%
4/27/12,2.21%,11.12%,26.82%,10.66%,0.0194,8.73%
4/30/12,2.22%,11.11%,26.86%,10.66%,0.0191,8.75%
5/12/12,2.30%,10.81%,28.75%,10.33%,0.0159,8.74%
5/13/12,2.05%,11.87%,31.15%,9.95%,0.0287,7.08%
5/14/12,1.97%,11.66%,33.48%,9.37%,0.0231,7.06%
5/14/12,2.31%,10.90%,27.03%,10.79%,0.0176,9.03%
5/15/12,2.33%,11.03%,27.04%,10.80%,0.0177,9.03%
5/16/12,2.12%,11.14%,35.97%,9.19%,0.0239,6.80%
5/16/12,2.34%,11.01%,27.05%,10.81%,0.0176,9.05%
5/17/12,1.89%,11.91%,35.59%,9.20%,0.0235,6.85%
5/17/12,2.38%,10.97%,27.06%,10.85%,0.017,9.15%
5/18/12,2.39%,10.96%,27.05%,10.89%,0.0172,9.16%
5/19/12,1.91%,10.86%,34.35%,8.53%,0.0181,6.72%
5/21/12,2.36%,11.02%,27.07%,10.86%,0.0174,9.12%
5/22/12,2.35%,11.00%,27.08%,10.84%,0.0177,9.07%
5/23/12,2.35%,11.02%,27.10%,10.84%,0.0174,9.10%
5/24/12,2.35%,11.01%,27.11%,10.82%,0.0178,9.05%
5/25/12,2.36%,11.08%,27.15%,10.84%,0.0174,9.10%
5/29/12,2.34%,11.08%,27.17%,10.80%,0.0175,9.06%
5/30/12,2.37%,11.06%,27.18%,10.83%,0.0162,9.21%
5/31/12,2.37%,11.12%,27.16%,10.87%,0.0156,9.31%
6/12/12,2.30%,10.82%,28.76%,10.31%,0.0159,8.73%
6/13/12,2.03%,11.86%,31.17%,9.89%,0.0286,7.04%
6/13/12,2.38%,11.02%,27.33%,10.82%,0.0159,9.23%
6/14/12,2.35%,11.01%,27.34%,10.78%,0.0164,9.14%
6/15/12,2.33%,11.02%,27.34%,10.74%,0.0158,9.16%
6/16/12,2.12%,11.12%,35.96%,9.17%,0.0239,6.78%
6/17/12,1.90%,11.93%,35.61%,9.21%,0.0234,6.87%
6/18/12,2.06%,13.57%,33.51%,10.38%,0.029,7.48%
6/18/12,2.33%,11.05%,27.38%,10.72%,0.0157,9.14%
6/19/12,1.90%,10.87%,34.36%,8.50%,0.0184,6.66%
6/19/12,2.30%,11.08%,27.39%,10.70%,0.0162,9.08%
6/20/12,2.31%,11.26%,27.39%,10.76%,0.0166,9.10%
6/21/12,2.36%,11.25%,27.40%,10.85%,0.0162,9.24%
6/22/12,2.35%,11.26%,27.40%,10.86%,0.0167,9.18%
6/25/12,2.38%,11.29%,27.41%,10.92%,0.016,9.32%
6/26/12,2.35%,11.30%,27.43%,10.93%,0.0163,9.30%
6/27/12,2.35%,11.24%,27.44%,10.88%,0.0162,9.26%
6/28/12,2.36%,11.22%,27.46%,10.86%,0.0158,9.29%
6/29/12,2.30%,11.24%,27.48%,10.77%,0.0165,9.12%
7/12/12,2.29%,10.81%,28.77%,10.30%,0.0162,8.68%
7/13/12,2.31%,11.34%,27.43%,10.84%,0.0149,9.35%
7/15/12,2.12%,11.48%,34.58%,9.33%,0.0223,7.11%
7/16/12,2.09%,11.13%,35.96%,9.12%,0.0234,6.78%
7/16/12,2.32%,11.31%,27.44%,10.81%,0.0147,9.34%
7/17/12,1.89%,11.97%,35.61%,9.21%,0.0236,6.85%
7/17/12,2.30%,11.29%,27.44%,10.76%,0.0151,9.25%
7/18/12,2.10%,13.54%,33.55%,10.48%,0.0285,7.64%
7/18/12,2.29%,11.15%,27.52%,10.69%,0.0149,9.19%
7/19/12,2.29%,11.15%,27.55%,10.63%,0.0151,9.12%
7/20/12,2.31%,11.08%,27.60%,10.63%,0.0146,9.17%
7/23/12,2.33%,11.09%,27.61%,10.66%,0.0143,9.23%
7/24/12,2.35%,11.11%,27.64%,10.71%,0.0139,9.32%
7/25/12,2.36%,11.12%,27.67%,10.72%,0.014,9.32%
7/26/12,2.32%,11.00%,27.73%,10.62%,0.0144,9.18%
7/27/12,2.28%,10.98%,27.81%,10.51%,0.0155,8.97%
7/30/12,2.28%,10.94%,27.80%,10.47%,0.015,8.96%
7/31/12,2.29%,10.93%,27.93%,10.47%,0.0147,9.00%
8/13/12,2.26%,10.90%,28.00%,10.39%,0.0166,8.72%
8/14/12,1.99%,11.73%,33.50%,9.41%,0.0226,7.16%
8/14/12,2.26%,10.90%,28.00%,10.39%,0.0174,8.65%
8/15/12,2.14%,11.52%,34.60%,9.37%,0.0222,7.15%
8/15/12,2.25%,10.91%,28.00%,10.38%,0.0182,8.57%
8/16/12,2.09%,11.08%,35.96%,9.09%,0.0241,6.68%
8/16/12,2.23%,10.91%,28.10%,10.37%,0.0184,8.53%
8/17/12,1.88%,11.97%,35.61%,9.19%,0.0238,6.81%
8/17/12,2.23%,10.92%,28.15%,10.36%,0.0181,8.55%
8/20/12,2.23%,11.13%,28.15%,10.44%,0.0181,8.63%
8/21/12,2.24%,11.13%,28.15%,10.48%,0.018,8.69%
8/22/12,2.24%,11.13%,28.16%,10.49%,0.0169,8.80%
8/23/12,2.26%,11.13%,28.16%,10.52%,0.0168,8.84%
8/24/12,2.24%,11.13%,28.16%,10.50%,0.0169,8.82%
8/27/12,2.25%,11.13%,28.13%,10.50%,0.0165,8.85%
8/28/12,2.25%,11.15%,28.14%,10.50%,0.0163,8.87%
8/29/12,2.25%,11.13%,28.14%,10.49%,0.0165,8.84%
8/30/12,2.26%,11.12%,28.14%,10.51%,0.0162,8.89%
8/31/12,2.25%,11.13%,28.14%,10.51%,0.0155,8.96%
9/13/12,2.02%,11.90%,31.20%,9.89%,0.0284,7.06%
9/13/12,2.18%,11.00%,28.13%,10.27%,0.0172,8.55%
9/14/12,1.99%,11.70%,33.52%,9.41%,0.0221,7.20%
9/14/12,2.17%,11.02%,28.15%,10.26%,0.0187,8.39%
9/15/12,2.16%,11.51%,34.61%,9.41%,0.0222,7.19%
9/16/12,2.08%,11.08%,35.96%,9.05%,0.0247,6.59%
9/17/12,2.18%,11.01%,28.16%,10.25%,0.0184,8.41%
9/18/12,2.19%,11.01%,28.18%,10.25%,0.0181,8.45%
9/19/12,1.90%,10.78%,34.32%,8.49%,0.0182,6.67%
9/19/12,2.19%,11.02%,28.18%,10.24%,0.0177,8.47%
9/20/12,2.19%,11.00%,28.17%,10.23%,0.0176,8.47%
9/21/12,2.19%,11.02%,28.16%,10.23%,0.0175,8.48%
9/24/12,2.20%,11.07%,28.15%,10.25%,0.0171,8.54%
9/25/12,2.22%,11.14%,28.14%,10.32%,0.0167,8.65%
9/26/12,2.24%,11.05%,28.12%,10.33%,0.0161,8.72%
9/27/12,2.22%,11.08%,28.12%,10.31%,0.0165,8.66%
9/28/12,2.23%,11.07%,28.13%,10.31%,0.0163,8.68%
10/12/12,2.30%,10.84%,28.79%,10.32%,0.0162,8.70%
10/13/12,2.03%,11.83%,31.21%,9.89%,0.028,7.09%
10/14/12,2.02%,11.70%,33.53%,9.47%,0.0216,7.31%
10/15/12,2.16%,11.51%,34.64%,9.41%,0.0223,7.18%
10/15/12,2.22%,11.13%,29.05%,10.48%,0.0166,8.81%
10/16/12,2.20%,11.08%,29.04%,10.40%,0.0172,8.68%
10/17/12,2.19%,11.11%,29.09%,10.39%,0.0182,8.57%
10/18/12,2.09%,13.57%,33.51%,10.48%,0.0286,7.62%
10/18/12,2.20%,11.11%,29.12%,10.41%,0.0183,8.57%
10/19/12,1.90%,10.75%,34.30%,8.49%,0.0184,6.64%
10/19/12,2.24%,11.04%,29.02%,10.46%,0.0176,8.69%
10/22/12,2.24%,10.46%,28.83%,10.23%,0.0181,8.42%
10/23/12,2.27%,10.91%,28.85%,10.38%,0.0176,8.62%
10/24/12,2.28%,10.92%,28.86%,10.46%,0.0179,8.67%
10/25/12,2.28%,10.91%,28.87%,10.45%,0.0182,8.62%
10/26/12,2.28%,10.92%,28.92%,10.46%,0.0175,8.71%
10/31/12,2.28%,10.82%,28.66%,10.42%,0.0169,8.73%
11/12/12,2.29%,10.85%,28.79%,10.29%,0.0165,8.64%
11/13/12,2.06%,11.84%,31.21%,9.94%,0.0285,7.09%
11/13/12,2.35%,10.91%,28.62%,10.58%,0.0159,8.98%
11/14/12,2.01%,11.70%,33.55%,9.46%,0.0216,7.30%
11/14/12,2.38%,10.90%,28.60%,10.64%,0.0159,9.05%
11/15/12,2.20%,11.50%,34.61%,9.48%,0.0213,7.36%
11/15/12,2.39%,10.83%,28.64%,10.63%,0.0159,9.04%
11/16/12,2.38%,10.84%,28.65%,10.60%,0.0158,9.02%
11/17/12,1.88%,11.94%,35.62%,9.17%,0.0239,6.78%
11/18/12,2.09%,13.59%,33.51%,10.48%,0.0288,7.60%
11/19/12,1.90%,10.72%,34.30%,8.46%,0.0179,6.67%
11/19/12,2.33%,10.84%,28.63%,10.50%,0.0161,8.89%
11/20/12,2.33%,10.84%,28.65%,10.48%,0.0167,8.81%
11/21/12,2.33%,10.83%,28.65%,10.46%,0.0168,8.78%
11/23/12,2.30%,10.84%,28.65%,10.39%,0.0169,8.70%
11/26/12,2.30%,10.82%,28.68%,10.39%,0.0166,8.73%
11/27/12,2.32%,10.82%,28.68%,10.41%,0.0164,8.78%
11/28/12,2.30%,10.83%,28.69%,10.38%,0.0163,8.75%
11/29/12,2.29%,10.78%,28.71%,10.31%,0.0162,8.70%
11/30/12,2.29%,10.82%,28.72%,10.30%,0.0162,8.69%
12/12/12,2.29%,10.87%,28.82%,10.30%,0.017,8.60%
12/13/12,2.06%,11.84%,31.22%,9.98%,0.0288,7.10%
12/13/12,2.31%,10.88%,28.84%,10.34%,0.0173,8.61%
12/14/12,2.05%,11.73%,33.55%,9.52%,0.0208,7.44%
12/14/12,2.31%,10.82%,28.85%,10.34%,0.017,8.64%
12/16/12,2.09%,11.05%,35.99%,9.05%,0.0247,6.58%
12/17/12,1.88%,11.95%,35.61%,9.16%,0.024,6.76%
12/17/12,2.29%,10.85%,28.84%,10.29%,0.0177,8.52%
12/18/12,2.08%,13.62%,33.51%,10.47%,0.0291,7.56%
12/18/12,2.26%,10.88%,28.84%,10.25%,0.0182,8.43%
12/19/12,1.89%,10.71%,34.32%,8.43%,0.0189,6.54%
12/19/12,2.28%,10.97%,28.84%,10.32%,0.018,8.52%
12/20/12,2.27%,10.98%,28.85%,10.31%,0.018,8.52%
12/21/12,2.29%,10.97%,28.85%,10.35%,0.0176,8.59%
12/24/12,2.29%,11.02%,28.81%,10.39%,0.0177,8.62%
12/26/12,2.30%,11.00%,28.80%,10.42%,0.0175,8.67%
12/27/12,2.31%,11.00%,28.82%,10.43%,0.0174,8.69%
12/28/12,2.33%,11.01%,28.84%,10.49%,0.017,8.79%
12/31/12,2.30%,11.14%,28.71%,10.51%,0.0176,8.75%
1/14/13,2.24%,10.89%,29.09%,10.61%,0.0185,8.76%
1/15/13,2.24%,10.95%,29.19%,10.61%,0.0184,8.77%
1/16/13,2.24%,10.96%,29.19%,10.61%,0.0182,8.79%
1/17/13,2.23%,11.01%,29.18%,10.60%,0.0188,8.73%
1/18/13,2.22%,10.99%,29.23%,10.56%,0.0184,8.72%
1/22/13,2.22%,10.86%,29.38%,10.49%,0.0184,8.65%
1/23/13,2.21%,10.78%,29.46%,10.50%,0.0182,8.68%
1/24/13,2.21%,10.69%,29.57%,10.44%,0.0185,8.59%
1/25/13,2.20%,10.70%,29.58%,10.40%,0.0195,8.45%
1/28/13,2.21%,10.74%,29.50%,10.39%,0.0196,8.43%
1/29/13,2.20%,10.80%,29.49%,10.35%,0.02,8.35%
1/30/13,2.21%,10.78%,29.54%,10.36%,0.0199,8.36%
1/31/13,2.22%,10.75%,29.58%,10.36%,0.0199,8.38%
2/13/13,2.19%,10.76%,29.58%,10.33%,0.0203,8.30%
2/14/13,2.19%,10.77%,29.56%,10.33%,0.02,8.33%
2/15/13,2.19%,10.69%,29.57%,10.30%,0.02,8.30%
2/19/13,2.18%,10.68%,30.21%,10.26%,0.0203,8.23%
2/20/13,2.21%,10.65%,30.22%,10.29%,0.0201,8.28%
2/21/13,2.24%,10.67%,30.24%,10.32%,0.0198,8.34%
2/22/13,2.22%,10.68%,30.26%,10.29%,0.0196,8.33%
2/25/13,2.26%,10.62%,30.27%,10.36%,0.0186,8.50%
2/26/13,2.25%,10.69%,30.28%,10.35%,0.0188,8.47%
2/27/13,2.22%,10.71%,30.29%,10.30%,0.019,8.40%
2/28/13,2.23%,10.71%,30.29%,10.30%,0.0188,8.43%
3/13/13,2.18%,10.72%,30.35%,10.17%,0.0202,8.15%
3/14/13,2.18%,10.71%,30.37%,10.14%,0.0203,8.11%
3/15/13,2.18%,10.70%,30.39%,10.15%,0.0199,8.16%
3/18/13,2.20%,10.81%,30.41%,10.23%,0.0196,8.27%
3/19/13,2.21%,10.78%,30.42%,10.23%,0.019,8.33%
3/20/13,2.19%,10.73%,30.43%,10.18%,0.0196,8.22%
3/21/13,2.21%,10.74%,30.47%,10.21%,0.0191,8.29%
3/22/13,2.20%,10.74%,30.45%,10.17%,0.0193,8.25%
3/25/13,2.20%,10.72%,30.38%,10.17%,0.0192,8.25%
3/26/13,2.19%,10.71%,30.37%,10.13%,0.0191,8.22%
3/27/13,2.19%,10.71%,30.37%,10.13%,0.0185,8.28%
3/28/13,2.18%,10.72%,30.39%,10.11%,0.0185,8.26%
4/15/13,2.21%,11.06%,30.35%,10.29%,0.0168,8.61%
4/16/13,2.18%,11.05%,30.37%,10.23%,0.0172,8.51%
4/17/13,2.22%,11.03%,30.39%,10.28%,0.017,8.58%
4/18/13,2.23%,10.95%,30.40%,10.29%,0.0169,8.60%
4/19/13,2.21%,10.86%,30.45%,10.20%,0.0171,8.50%
4/22/13,2.20%,10.84%,30.48%,10.16%,0.0169,8.47%
4/23/13,2.19%,10.88%,30.49%,10.13%,0.0171,8.43%
4/24/13,2.20%,10.89%,30.62%,10.13%,0.0171,8.43%
4/25/13,2.19%,10.82%,30.66%,10.08%,0.0171,8.37%
4/26/13,2.20%,10.80%,30.69%,10.07%,0.0166,8.41%
4/29/13,2.18%,10.92%,30.69%,10.12%,0.0167,8.45%
4/30/13,2.18%,10.90%,30.71%,10.09%,0.0167,8.42%
5/13/13,2.14%,10.95%,30.76%,9.98%,0.0192,8.06%
5/14/13,2.12%,10.94%,30.76%,9.93%,0.0197,7.95%
5/15/13,2.11%,10.93%,30.76%,9.89%,0.0194,7.96%
5/16/13,2.12%,10.95%,30.72%,9.92%,0.0188,8.04%
5/17/13,2.10%,10.96%,30.76%,9.88%,0.0195,7.93%
5/20/13,2.10%,10.97%,30.75%,9.89%,0.0197,7.93%
5/21/13,2.10%,10.97%,30.77%,9.89%,0.0193,7.96%
5/22/13,2.12%,10.98%,30.80%,9.93%,0.0204,7.89%
5/23/13,2.13%,10.97%,30.78%,9.95%,0.0202,7.93%
5/24/13,2.13%,10.98%,30.78%,9.95%,0.0201,7.94%
5/28/13,2.11%,10.99%,30.86%,9.93%,0.0217,7.77%
5/29/13,2.13%,10.99%,30.86%,9.97%,0.0212,7.86%
5/30/13,2.13%,11.00%,30.88%,9.98%,0.0211,7.87%
5/31/13,2.16%,11.00%,30.90%,10.05%,0.0213,7.92%
6/13/13,2.15%,10.94%,30.76%,10.01%,0.0215,7.87%
6/14/13,2.16%,10.92%,30.76%,10.02%,0.0213,7.89%
6/17/13,2.15%,10.90%,30.77%,10.00%,0.0218,7.82%
6/18/13,2.13%,11.03%,30.78%,9.99%,0.0219,7.80%
6/19/13,2.16%,11.00%,30.78%,10.06%,0.0235,7.70%
6/20/13,2.23%,11.27%,30.80%,10.31%,0.0241,7.90%
6/21/13,2.22%,11.28%,30.86%,10.32%,0.0253,7.79%
6/24/13,2.25%,11.26%,30.92%,10.37%,0.0254,7.83%
6/25/13,2.23%,11.27%,30.93%,10.33%,0.0261,7.73%
6/26/13,2.21%,11.27%,30.94%,10.28%,0.0254,7.75%
6/27/13,2.19%,11.26%,30.95%,10.25%,0.0247,7.78%
6/28/13,2.20%,11.28%,30.94%,10.27%,0.0249,7.78%
7/15/13,2.11%,11.25%,30.95%,10.01%,0.0254,7.47%
7/16/13,2.12%,11.42%,30.91%,10.05%,0.0253,7.52%
7/17/13,2.11%,11.36%,30.97%,10.08%,0.0249,7.59%
7/18/13,2.10%,11.31%,31.00%,10.04%,0.0253,7.51%
7/19/13,2.10%,11.31%,31.09%,10.04%,0.0248,7.55%
7/22/13,2.09%,11.38%,31.09%,10.01%,0.0248,7.53%
7/23/13,2.10%,11.36%,31.03%,10.01%,0.0251,7.51%
7/24/13,2.11%,11.34%,31.07%,10.02%,0.0259,7.43%
7/25/13,2.10%,11.27%,31.06%,9.97%,0.0257,7.40%
7/26/13,2.10%,11.23%,31.08%,9.94%,0.0256,7.38%
7/29/13,2.11%,11.25%,31.12%,9.97%,0.026,7.37%
7/30/13,2.11%,11.27%,31.13%,9.97%,0.0261,7.36%
7/31/13,2.11%,11.27%,31.13%,9.98%,0.0258,7.41%
8/13/13,2.11%,11.26%,31.17%,9.95%,0.0272,7.23%
8/14/13,2.12%,11.25%,31.17%,9.97%,0.0271,7.26%
8/15/13,2.15%,11.25%,31.19%,10.07%,0.0277,7.31%
8/16/13,2.16%,11.25%,31.19%,10.11%,0.0283,7.28%
8/19/13,2.17%,11.20%,31.19%,10.15%,0.0288,7.27%
8/20/13,2.16%,11.19%,31.16%,10.14%,0.0281,7.33%
8/21/13,2.18%,11.21%,31.17%,10.17%,0.0289,7.28%
8/22/13,2.16%,11.21%,31.18%,10.13%,0.0288,7.25%
8/23/13,2.15%,11.19%,31.19%,10.10%,0.0282,7.28%
8/26/13,2.16%,11.24%,31.22%,10.08%,0.0279,7.30%
8/27/13,2.19%,11.23%,31.23%,10.19%,0.0271,7.48%
8/28/13,2.19%,11.23%,31.24%,10.19%,0.0277,7.43%
8/29/13,2.18%,11.25%,31.24%,10.18%,0.0276,7.42%
8/30/13,2.19%,11.23%,31.24%,10.19%,0.0278,7.41%
9/13/13,2.12%,11.24%,31.17%,10.06%,0.0289,7.17%
9/16/13,2.11%,11.22%,31.17%,10.02%,0.0286,7.15%
9/17/13,2.11%,11.22%,31.19%,9.99%,0.0285,7.15%
9/18/13,2.09%,11.21%,31.20%,9.92%,0.0269,7.24%
9/19/13,2.09%,11.22%,31.20%,9.93%,0.0275,7.18%
9/20/13,2.11%,11.23%,31.23%,9.97%,0.0273,7.23%
9/23/13,2.12%,11.39%,31.16%,10.00%,0.027,7.30%
9/24/13,2.12%,11.47%,31.15%,10.05%,0.0266,7.40%
9/25/13,2.13%,11.46%,31.15%,10.08%,0.0263,7.45%
9/26/13,2.12%,11.45%,31.16%,10.06%,0.0265,7.41%
9/27/13,2.13%,11.42%,31.18%,10.06%,0.0262,7.43%
9/30/13,2.15%,11.45%,31.18%,10.12%,0.0261,7.51%
10/14/13,2.11%,11.36%,31.22%,9.97%,0.0269,7.29%
10/15/13,2.13%,11.27%,31.20%,9.99%,0.0273,7.26%
10/16/13,2.10%,11.37%,31.22%,9.97%,0.0266,7.31%
10/17/13,2.09%,11.23%,31.22%,9.86%,0.0259,7.27%
10/18/13,2.08%,11.22%,31.27%,9.84%,0.0258,7.26%
10/21/13,2.08%,11.31%,31.36%,9.85%,0.026,7.25%
10/22/13,2.07%,11.31%,31.39%,9.83%,0.0251,7.31%
10/23/13,2.08%,11.30%,31.39%,9.83%,0.025,7.33%
10/24/13,2.07%,11.34%,31.37%,9.82%,0.0252,7.30%
10/25/13,2.06%,10.97%,31.29%,9.65%,0.0251,7.14%
10/28/13,2.06%,11.38%,31.23%,9.76%,0.0252,7.24%
10/29/13,2.05%,11.36%,31.27%,9.75%,0.025,7.24%
10/30/13,2.06%,11.38%,31.25%,9.77%,0.0254,7.23%
10/31/13,2.07%,11.38%,31.28%,9.79%,0.0255,7.23%
11/13/13,2.04%,11.54%,31.28%,9.80%,0.027,7.10%
11/14/13,2.03%,11.54%,31.29%,9.78%,0.0269,7.09%
11/15/13,2.03%,11.72%,31.29%,9.83%,0.027,7.12%
11/18/13,2.03%,11.71%,31.31%,9.85%,0.0267,7.19%
11/19/13,2.04%,11.72%,31.31%,9.87%,0.0271,7.16%
11/20/13,2.05%,11.73%,31.32%,9.89%,0.028,7.10%
11/21/13,2.03%,11.75%,31.33%,9.87%,0.0278,7.09%
11/22/13,2.02%,11.70%,31.32%,9.83%,0.0274,7.09%
11/25/13,2.02%,11.72%,31.22%,9.84%,0.0273,7.11%
11/26/13,2.02%,11.78%,31.23%,9.85%,0.0271,7.15%
11/27/13,2.02%,11.79%,31.24%,9.85%,0.0274,7.11%
11/29/13,2.02%,11.81%,31.26%,9.86%,0.0274,7.12%
12/13/13,2.08%,11.84%,31.24%,9.98%,0.0287,7.11%
12/16/13,2.07%,11.77%,31.26%,9.93%,0.0288,7.05%
12/17/13,2.08%,11.72%,31.26%,9.92%,0.0284,7.08%
12/18/13,2.05%,11.72%,31.27%,9.84%,0.0289,6.95%
12/19/13,2.05%,11.70%,31.30%,9.83%,0.0293,6.90%
12/20/13,2.04%,11.72%,31.29%,9.80%,0.0289,6.91%
12/23/13,2.01%,11.92%,31.28%,9.79%,0.0293,6.86%
12/24/13,2.01%,11.91%,31.25%,9.77%,0.0298,6.80%
12/26/13,1.99%,11.94%,31.26%,9.77%,0.0299,6.78%
12/27/13,2.00%,11.93%,31.26%,9.77%,0.03,6.77%
12/30/13,2.00%,11.99%,31.24%,9.80%,0.0297,6.83%
12/31/13,1.99%,11.98%,31.08%,9.77%,0.0303,6.75%
1/13/14,2.02%,12.08%,31.79%,10.44%,0.0283,7.61%
1/14/14,2.01%,12.18%,31.88%,10.49%,0.0287,7.62%
1/15/14,1.99%,12.10%,31.85%,10.42%,0.0289,7.53%
1/16/14,2.01%,12.09%,31.93%,10.40%,0.0284,7.56%
1/17/14,2.01%,12.08%,31.95%,10.39%,0.0282,7.57%
1/21/14,2.01%,12.04%,32.02%,10.33%,0.0283,7.50%
1/22/14,2.01%,12.02%,32.06%,10.30%,0.0287,7.44%
1/23/14,2.03%,11.90%,32.06%,10.27%,0.0278,7.49%
1/24/14,2.07%,11.78%,32.05%,10.28%,0.0272,7.56%
1/27/14,2.08%,12.16%,32.41%,10.42%,0.0275,7.68%
1/28/14,2.07%,11.84%,32.56%,10.33%,0.0275,7.58%
1/29/14,2.09%,11.82%,32.70%,10.34%,0.0268,7.66%
1/30/14,2.07%,11.95%,32.70%,10.33%,0.027,7.63%
1/31/14,2.08%,11.98%,32.77%,10.36%,0.0264,7.71%
2/13/14,2.05%,11.87%,33.03%,10.16%,0.0273,7.43%
2/14/14,2.04%,11.86%,33.04%,10.13%,0.0274,7.39%
2/18/14,2.04%,11.92%,33.08%,10.14%,0.0271,7.44%
2/19/14,2.05%,11.90%,33.10%,10.17%,0.0274,7.43%
2/20/14,2.05%,11.90%,33.11%,10.14%,0.0275,7.39%
2/21/14,2.05%,11.99%,33.09%,10.17%,0.0273,7.44%
2/24/14,2.05%,11.97%,33.11%,10.12%,0.0274,7.39%
2/25/14,2.05%,11.93%,33.10%,10.14%,0.027,7.44%
2/26/14,2.05%,11.90%,33.11%,10.13%,0.0267,7.46%
2/27/14,2.04%,11.90%,33.13%,10.10%,0.0264,7.46%
2/28/14,2.04%,11.88%,33.16%,10.07%,0.0265,7.42%
3/13/14,2.06%,11.96%,33.25%,10.14%,0.0265,7.49%
3/14/14,2.07%,11.93%,33.27%,10.14%,0.0265,7.49%
3/17/14,2.05%,11.94%,33.29%,10.10%,0.0269,7.41%
3/18/14,2.03%,11.86%,33.32%,10.03%,0.0267,7.36%
3/19/14,2.05%,11.87%,33.33%,10.06%,0.0277,7.29%
3/20/14,2.04%,11.82%,33.34%,10.02%,0.0277,7.25%
3/21/14,2.04%,11.80%,33.35%,10.03%,0.0274,7.29%
3/24/14,2.05%,11.71%,33.37%,10.03%,0.0273,7.30%
3/25/14,2.04%,11.80%,33.37%,10.04%,0.0275,7.29%
3/26/14,2.08%,11.88%,33.37%,10.14%,0.0269,7.45%
3/27/14,2.09%,11.87%,33.34%,10.15%,0.0268,7.47%
3/28/14,2.08%,11.85%,33.33%,10.13%,0.0272,7.40%
3/31/14,2.06%,11.81%,33.26%,10.08%,0.0272,7.36%
4/14/14,2.11%,11.77%,33.31%,10.18%,0.0265,7.54%
4/15/14,2.10%,11.77%,33.31%,10.14%,0.0263,7.51%
4/16/14,2.08%,11.73%,33.34%,10.05%,0.0263,7.42%
4/17/14,2.08%,11.69%,33.34%,10.02%,0.0272,7.29%
4/21/14,2.07%,11.69%,33.26%,9.99%,0.0272,7.27%
4/22/14,2.06%,11.69%,33.25%,9.96%,0.0271,7.25%
4/23/14,2.07%,11.68%,33.24%,9.98%,0.027,7.28%
4/24/14,2.07%,11.68%,33.22%,9.96%,0.0268,7.28%
4/25/14,2.08%,11.60%,33.22%,9.97%,0.0266,7.31%
4/28/14,2.07%,11.51%,33.32%,9.92%,0.027,7.22%
4/29/14,2.07%,11.46%,33.32%,9.55%,0.0269,6.85%
4/30/14,2.07%,11.47%,33.32%,9.31%,0.0265,6.66%
5/13/14,2.06%,11.36%,33.27%,9.76%,0.0261,7.15%
5/14/14,2.07%,11.36%,33.27%,9.79%,0.0254,7.24%
5/15/14,2.09%,11.37%,33.28%,9.84%,0.0249,7.35%
5/16/14,2.09%,11.36%,33.27%,9.82%,0.0252,7.30%
5/19/14,2.08%,11.39%,33.27%,9.82%,0.0255,7.27%
5/20/14,2.09%,11.40%,33.28%,9.84%,0.0251,7.33%
5/21/14,2.08%,11.41%,33.27%,9.81%,0.0253,7.28%
5/22/14,2.08%,11.43%,33.28%,9.80%,0.0255,7.25%
5/23/14,2.07%,11.42%,33.28%,9.77%,0.0253,7.24%
5/27/14,2.05%,11.43%,33.27%,9.73%,0.0251,7.22%
5/28/14,2.06%,11.42%,33.27%,9.73%,0.0244,7.28%
5/29/14,2.05%,11.42%,33.27%,9.70%,0.0246,7.24%
5/30/14,2.04%,11.40%,33.28%,9.67%,0.0248,7.20%
6/13/14,2.04%,11.40%,33.22%,9.67%,0.026,7.07%
6/16/14,2.04%,11.33%,33.23%,9.66%,0.026,7.06%
6/17/14,2.04%,11.35%,33.24%,9.65%,0.0265,7.00%
6/18/14,2.02%,11.35%,33.24%,9.61%,0.0258,7.03%
6/19/14,2.02%,11.37%,33.25%,9.60%,0.0262,6.98%
6/20/14,2.01%,11.33%,33.22%,9.58%,0.0261,6.98%
6/23/14,2.01%,11.34%,33.22%,9.58%,0.0263,6.96%
6/24/14,2.03%,11.38%,33.20%,9.63%,0.0258,7.05%
6/25/14,2.02%,11.35%,33.20%,9.60%,0.0256,7.04%
6/26/14,2.02%,11.33%,33.21%,9.60%,0.0253,7.07%
6/27/14,2.02%,11.33%,33.22%,9.59%,0.0253,7.05%
6/30/14,2.02%,11.30%,33.20%,9.58%,0.0253,7.05%
7/14/14,2.00%,11.30%,33.31%,9.59%,0.0255,7.04%
7/15/14,2.01%,11.37%,33.30%,9.63%,0.0255,7.08%
7/16/14,1.99%,11.45%,33.19%,9.66%,0.0253,7.14%
7/17/14,2.02%,11.49%,33.16%,9.73%,0.0245,7.29%
7/18/14,2.00%,11.42%,33.16%,9.66%,0.0248,7.18%
7/21/14,2.00%,11.45%,33.02%,9.65%,0.0247,7.18%
7/22/14,1.99%,11.47%,33.04%,9.63%,0.0246,7.17%
7/23/14,1.99%,11.51%,33.05%,9.64%,0.0247,7.18%
7/24/14,1.99%,11.49%,33.08%,9.63%,0.025,7.13%
7/25/14,2.00%,11.45%,33.08%,9.64%,0.0247,7.17%
7/28/14,2.00%,11.44%,33.06%,9.64%,0.0249,7.15%
7/29/14,2.01%,11.43%,33.09%,9.65%,0.0246,7.19%
7/30/14,2.01%,11.43%,33.10%,9.65%,0.0256,7.09%
7/31/14,2.05%,11.41%,33.10%,9.74%,0.0256,7.18%
8/13/14,2.06%,11.52%,33.22%,9.77%,0.0242,7.35%
8/14/14,2.05%,11.40%,33.22%,9.68%,0.024,7.28%
8/15/14,2.05%,11.42%,33.19%,9.68%,0.0234,7.34%
8/18/14,2.03%,11.38%,33.25%,9.62%,0.0239,7.23%
8/19/14,2.02%,11.39%,33.25%,9.60%,0.024,7.20%
8/20/14,2.01%,11.49%,33.26%,9.62%,0.0243,7.20%
8/21/14,2.01%,11.48%,33.28%,9.62%,0.0241,7.21%
8/22/14,2.01%,11.49%,33.26%,9.63%,0.024,7.22%
8/25/14,2.00%,11.48%,33.28%,9.60%,0.0238,7.22%
8/26/14,2.00%,11.50%,33.28%,9.60%,0.024,7.21%
8/27/14,2.00%,11.49%,33.28%,9.60%,0.0236,7.24%
8/28/14,2.01%,11.48%,33.28%,9.61%,0.0234,7.27%
8/29/14,2.00%,11.47%,33.28%,9.59%,0.0234,7.25%
9/15/14,2.02%,11.33%,33.33%,9.60%,0.0259,7.01%
9/16/14,2.02%,11.31%,33.36%,9.55%,0.0259,6.95%
9/17/14,2.01%,11.31%,33.34%,9.53%,0.0262,6.91%
9/18/14,2.01%,11.32%,33.35%,9.51%,0.0261,6.89%
9/19/14,2.01%,11.33%,33.36%,9.51%,0.0257,6.93%
9/22/14,2.02%,11.36%,33.38%,9.55%,0.0256,6.98%
9/23/14,2.03%,11.36%,33.37%,9.58%,0.0253,7.05%
9/24/14,2.02%,11.38%,33.37%,9.55%,0.0256,6.99%
9/25/14,2.05%,11.37%,33.37%,9.62%,0.025,7.12%
9/26/14,2.03%,11.37%,33.38%,9.59%,0.0253,7.06%
9/29/14,2.04%,11.40%,33.42%,9.60%,0.0248,7.13%
9/30/14,2.04%,11.41%,33.46%,9.62%,0.0249,7.13%
10/13/14,2.15%,11.42%,33.57%,9.89%,0.0228,7.61%
10/14/14,2.15%,11.01%,33.56%,9.79%,0.022,7.59%
10/15/14,2.17%,10.94%,33.60%,9.73%,0.0214,7.60%
10/16/14,2.17%,10.94%,33.63%,9.72%,0.0216,7.57%
10/17/14,2.14%,11.46%,33.64%,9.80%,0.0219,7.61%
10/20/14,2.12%,11.48%,33.41%,9.83%,0.0219,7.64%
10/21/14,2.08%,11.50%,33.40%,9.77%,0.0222,7.55%
10/22/14,2.10%,11.37%,33.43%,9.74%,0.0222,7.53%
10/23/14,2.08%,11.40%,33.43%,9.67%,0.0227,7.40%
10/24/14,2.06%,11.43%,33.46%,9.63%,0.0227,7.36%
10/27/14,2.07%,11.52%,33.38%,9.66%,0.0226,7.40%
10/28/14,2.04%,11.53%,33.42%,9.61%,0.023,7.32%
10/29/14,2.04%,11.52%,33.41%,9.61%,0.0232,7.29%
10/30/14,2.04%,11.52%,33.40%,9.58%,0.0231,7.28%
10/31/14,2.01%,11.50%,33.41%,9.52%,0.0234,7.19%
11/13/14,1.99%,11.57%,33.39%,9.46%,0.0234,7.12%
11/14/14,1.99%,11.57%,33.40%,9.45%,0.0232,7.13%
11/17/14,1.99%,11.55%,33.41%,9.45%,0.0234,7.11%
11/18/14,1.98%,11.57%,33.41%,9.44%,0.0232,7.12%
11/19/14,1.99%,11.56%,33.41%,9.44%,0.0236,7.08%
11/20/14,1.98%,11.56%,33.41%,9.43%,0.0234,7.09%
11/21/14,1.97%,11.54%,33.42%,9.40%,0.0231,7.09%
11/24/14,1.96%,11.57%,33.43%,9.40%,0.0231,7.09%
11/25/14,1.97%,11.61%,33.44%,9.40%,0.0226,7.15%
11/26/14,1.96%,11.62%,33.44%,9.39%,0.0225,7.14%
11/28/14,1.97%,11.60%,33.45%,9.38%,0.0216,7.22%
12/15/14,2.07%,11.72%,33.55%,9.56%,0.0212,7.44%
12/16/14,2.09%,11.69%,33.56%,9.58%,0.0206,7.53%
12/17/14,2.05%,11.73%,33.57%,9.50%,0.0214,7.37%
12/18/14,2.00%,11.72%,33.58%,9.38%,0.0221,7.17%
12/19/14,1.99%,11.73%,33.59%,9.35%,0.0216,7.19%
12/22/14,1.99%,11.72%,33.60%,9.31%,0.0216,7.15%
12/23/14,1.98%,11.70%,33.60%,9.29%,0.0226,7.03%
12/24/14,1.98%,11.70%,33.60%,9.29%,0.0226,7.03%
12/26/14,1.98%,11.55%,33.60%,9.24%,0.0225,6.99%
12/29/14,1.98%,11.47%,33.60%,9.18%,0.022,6.98%
12/30/14,1.98%,11.48%,33.60%,9.20%,0.0219,7.01%
12/31/14,2.01%,11.49%,33.56%,9.24%,0.0217,7.07%
1/13/15,2.05%,11.32%,35.97%,9.83%,0.019,7.93%
1/14/15,2.06%,11.27%,36.08%,9.80%,0.0186,7.94%
1/15/15,2.08%,11.25%,36.22%,9.81%,0.0172,8.09%
1/16/15,2.05%,11.31%,36.14%,9.75%,0.0184,7.91%
1/20/15,2.03%,11.25%,36.25%,9.72%,0.0179,7.93%
1/21/15,2.02%,11.20%,36.41%,9.66%,0.0187,7.78%
1/22/15,2.00%,11.21%,36.27%,9.56%,0.0186,7.70%
1/23/15,2.02%,11.48%,36.51%,9.67%,0.018,7.87%
1/26/15,2.01%,11.14%,35.74%,9.58%,0.0182,7.75%
1/27/15,2.04%,11.11%,36.01%,9.57%,0.0182,7.74%
1/28/15,2.07%,11.17%,36.03%,9.64%,0.0172,7.92%
1/29/15,2.05%,11.15%,36.09%,9.60%,0.0175,7.85%
1/30/15,2.07%,11.28%,36.08%,9.68%,0.0164,8.04%
2/13/15,2.00%,11.31%,36.28%,9.54%,0.0205,7.49%
2/17/15,2.00%,11.32%,36.43%,9.53%,0.0214,7.39%
2/18/15,2.00%,11.27%,36.42%,9.50%,0.0208,7.42%
2/19/15,2.01%,11.25%,36.44%,9.48%,0.0211,7.37%
2/20/15,2.00%,11.26%,36.52%,9.45%,0.0211,7.34%
2/23/15,2.00%,11.29%,36.50%,9.47%,0.0206,7.41%
2/24/15,2.00%,11.40%,36.53%,9.45%,0.0198,7.47%
2/25/15,2.00%,11.38%,36.54%,9.44%,0.0197,7.47%
2/26/15,2.00%,11.38%,36.57%,9.44%,0.0203,7.41%
2/27/15,2.01%,11.36%,36.63%,9.43%,0.0199,7.44%
3/13/15,2.06%,11.27%,36.72%,9.51%,0.0211,7.40%
3/16/15,2.03%,11.15%,36.71%,9.39%,0.0207,7.32%
3/17/15,2.04%,11.13%,36.72%,9.38%,0.0205,7.33%
3/18/15,2.01%,11.11%,36.74%,9.32%,0.0192,7.40%
3/19/15,2.02%,11.12%,36.75%,9.32%,0.0197,7.36%
3/20/15,2.00%,11.12%,36.76%,9.29%,0.0193,7.36%
3/23/15,2.01%,11.11%,36.74%,9.30%,0.0191,7.39%
3/24/15,2.02%,11.12%,36.77%,9.33%,0.0187,7.46%
3/25/15,2.05%,11.09%,36.76%,9.40%,0.0193,7.47%
3/26/15,2.05%,11.14%,36.78%,9.43%,0.0199,7.44%
3/27/15,2.05%,11.13%,36.78%,9.42%,0.0196,7.46%
3/30/15,2.02%,11.05%,36.76%,9.34%,0.0195,7.39%
3/31/15,2.04%,11.11%,36.79%,9.40%,0.0192,7.48%
4/13/15,2.02%,11.09%,36.78%,9.35%,0.0193,7.42%
4/14/15,2.02%,11.12%,36.53%,9.34%,0.019,7.45%
4/15/15,2.01%,11.12%,36.55%,9.33%,0.0189,7.45%
4/16/15,2.01%,11.15%,36.58%,9.35%,0.0189,7.46%
4/17/15,2.04%,11.15%,36.54%,9.41%,0.0187,7.55%
4/20/15,2.02%,11.16%,36.38%,9.37%,0.0189,7.48%
4/21/15,2.02%,11.17%,36.34%,9.37%,0.0191,7.46%
4/22/15,2.01%,11.16%,36.35%,9.35%,0.0198,7.38%
4/23/15,2.01%,11.14%,36.40%,9.33%,0.0196,7.37%
4/24/15,2.01%,11.18%,36.33%,9.31%,0.0191,7.40%
4/27/15,2.02%,11.17%,36.03%,9.31%,0.0192,7.39%
4/28/15,2.02%,11.14%,35.96%,9.30%,0.02,7.30%
4/29/15,2.04%,11.15%,35.98%,9.33%,0.0204,7.29%
4/30/15,2.06%,11.10%,35.93%,9.36%,0.0203,7.33%
5/13/15,2.05%,11.10%,35.78%,9.32%,0.0229,7.03%
5/14/15,2.03%,11.11%,35.78%,9.28%,0.0223,7.05%
5/15/15,2.03%,11.07%,35.78%,9.26%,0.0214,7.11%
5/18/15,2.03%,11.05%,35.80%,9.23%,0.0223,7.00%
5/19/15,2.03%,11.10%,35.79%,9.26%,0.0229,6.97%
5/20/15,2.03%,11.07%,35.79%,9.25%,0.0225,7.00%
5/21/15,2.03%,11.08%,35.80%,9.24%,0.0219,7.05%
5/22/15,2.04%,11.03%,35.79%,9.23%,0.0221,7.02%
5/26/15,2.06%,11.05%,35.79%,9.27%,0.0214,7.14%
5/27/15,2.04%,11.08%,35.81%,9.25%,0.0213,7.12%
5/28/15,2.04%,11.07%,35.87%,9.26%,0.0214,7.12%
5/29/15,2.05%,11.08%,35.91%,9.29%,0.0212,7.17%
6/15/15,2.08%,11.29%,35.98%,9.47%,0.0236,7.11%
6/16/15,2.07%,11.29%,35.98%,9.44%,0.0231,7.13%
6/17/15,2.06%,11.26%,35.99%,9.41%,0.0232,7.09%
6/18/15,2.04%,11.25%,35.99%,9.35%,0.0233,7.02%
6/19/15,2.06%,11.26%,36.00%,9.37%,0.0226,7.11%
6/22/15,2.04%,11.53%,36.01%,9.47%,0.0237,7.10%
6/23/15,2.04%,11.58%,35.97%,9.49%,0.0241,7.08%
6/24/15,2.06%,11.58%,35.97%,9.53%,0.0237,7.16%
6/25/15,2.06%,11.57%,35.95%,9.54%,0.0241,7.13%
6/26/15,2.06%,11.56%,35.95%,9.54%,0.0247,7.06%
6/29/15,2.11%,11.68%,35.91%,9.71%,0.0232,7.39%
6/30/15,2.11%,11.69%,35.91%,9.72%,0.0235,7.37%
7/13/15,2.06%,11.67%,35.68%,9.61%,0.0245,7.15%
7/14/15,2.06%,11.69%,35.64%,9.59%,0.024,7.19%
7/15/15,2.06%,11.48%,35.57%,9.50%,0.0235,7.15%
7/16/15,2.04%,11.48%,35.57%,9.44%,0.0235,7.09%
7/17/15,2.04%,11.48%,35.56%,9.41%,0.0235,7.06%
7/20/15,2.04%,11.57%,35.31%,9.40%,0.0237,7.02%
7/21/15,2.04%,11.42%,35.26%,9.36%,0.0233,7.03%
7/22/15,2.05%,11.37%,35.28%,9.34%,0.0232,7.01%
7/23/15,2.06%,11.41%,35.27%,9.38%,0.0227,7.12%
7/24/15,2.09%,11.42%,35.25%,9.48%,0.0226,7.22%
7/27/15,2.11%,11.42%,39.44%,9.52%,0.0222,7.30%
7/28/15,2.08%,11.43%,34.81%,9.47%,0.0225,7.22%
7/29/15,2.07%,11.42%,34.87%,9.43%,0.0229,7.14%
7/30/15,2.07%,11.43%,34.88%,9.42%,0.0226,7.16%
7/31/15,2.07%,11.45%,34.94%,9.43%,0.0218,7.25%
8/13/15,2.10%,11.31%,35.10%,9.41%,0.0219,7.22%
8/14/15,2.09%,11.30%,35.09%,9.38%,0.022,7.19%
8/17/15,2.08%,11.24%,35.08%,9.33%,0.0217,7.16%
8/18/15,2.08%,11.22%,35.10%,9.33%,0.0219,7.14%
8/19/15,2.10%,11.23%,35.13%,9.36%,0.0213,7.24%
8/20/15,2.15%,11.19%,35.13%,9.45%,0.0207,7.38%
8/21/15,2.22%,11.10%,35.16%,9.58%,0.0204,7.55%
8/24/15,2.31%,11.06%,35.20%,9.77%,0.02,7.77%
8/25/15,2.34%,11.11%,35.19%,9.87%,0.0207,7.80%
8/26/15,2.22%,11.15%,34.30%,9.67%,0.0218,7.50%
8/27/15,2.17%,11.14%,34.30%,9.52%,0.0218,7.34%
8/28/15,2.20%,11.23%,35.21%,9.57%,0.0218,7.39%
8/31/15,2.22%,11.34%,35.23%,9.68%,0.0222,7.46%
9/14/15,2.24%,11.40%,35.05%,9.72%,0.0218,7.54%
9/15/15,2.22%,11.19%,35.08%,9.60%,0.0229,7.32%
9/16/15,2.20%,11.18%,35.09%,9.52%,0.0229,7.23%
9/17/15,2.21%,11.21%,35.12%,9.53%,0.0219,7.34%
9/18/15,2.24%,11.17%,35.13%,9.57%,0.0213,7.44%
9/21/15,2.22%,11.27%,34.95%,9.59%,0.022,7.39%
9/22/15,2.25%,11.25%,34.95%,9.65%,0.0213,7.52%
9/23/15,2.25%,11.27%,34.96%,9.66%,0.0215,7.52%
9/24/15,2.26%,11.23%,34.97%,9.67%,0.0213,7.55%
9/25/15,2.26%,11.21%,34.98%,9.67%,0.0216,7.51%
9/28/15,2.32%,11.17%,35.02%,9.78%,0.021,7.69%
9/29/15,2.32%,11.12%,35.04%,9.77%,0.0205,7.72%
9/30/15,2.33%,11.04%,35.57%,9.70%,0.0204,7.66%
10/13/15,2.18%,11.18%,34.85%,9.39%,0.0204,7.35%
10/14/15,2.19%,11.18%,34.84%,9.43%,0.0197,7.45%
10/15/15,2.16%,11.18%,34.81%,9.36%,0.0202,7.34%
10/16/15,2.15%,11.30%,34.83%,9.36%,0.0203,7.33%
10/19/15,2.15%,11.34%,35.00%,9.39%,0.0202,7.37%
10/20/15,2.16%,11.31%,35.07%,9.39%,0.0207,7.33%
10/21/15,2.17%,11.30%,35.01%,9.41%,0.0202,7.38%
10/22/15,2.14%,11.28%,35.01%,9.33%,0.0203,7.31%
10/23/15,2.12%,11.40%,35.01%,9.32%,0.0209,7.23%
10/26/15,2.12%,11.51%,34.80%,9.35%,0.0206,7.30%
10/27/15,2.12%,11.31%,34.49%,9.28%,0.0204,7.24%
10/28/15,2.10%,11.20%,34.45%,9.25%,0.021,7.15%
10/29/15,2.10%,11.20%,34.44%,9.24%,0.0217,7.07%
10/30/15,2.12%,11.16%,34.41%,9.26%,0.0214,7.12%
11/13/15,2.18%,11.47%,34.66%,9.50%,0.0227,7.23%
11/16/15,2.15%,11.43%,34.69%,9.41%,0.0227,7.14%
11/17/15,2.15%,11.46%,34.70%,9.42%,0.0227,7.16%
11/18/15,2.11%,11.49%,34.61%,9.36%,0.0227,7.09%
11/19/15,2.12%,11.55%,34.61%,9.37%,0.0225,7.12%
11/20/15,2.11%,11.57%,34.63%,9.36%,0.0226,7.10%
11/23/15,2.11%,11.56%,34.63%,9.36%,0.0224,7.12%
11/24/15,2.11%,11.54%,34.64%,9.35%,0.0224,7.11%
11/25/15,2.11%,11.53%,34.59%,9.34%,0.0223,7.10%
11/27/15,2.11%,11.52%,34.59%,9.33%,0.0222,7.11%
11/30/15,2.12%,11.44%,34.59%,9.35%,0.0221,7.14%
12/14/15,2.19%,11.53%,34.68%,9.47%,0.0222,7.24%
12/15/15,2.18%,11.52%,34.69%,9.42%,0.0227,7.15%
12/16/15,2.15%,11.58%,34.73%,9.36%,0.023,7.06%
12/17/15,2.18%,11.58%,34.74%,9.41%,0.0222,7.19%
12/18/15,2.22%,11.55%,34.74%,9.49%,0.022,7.29%
12/21/15,2.20%,11.54%,34.78%,9.47%,0.0219,7.28%
12/22/15,2.19%,11.53%,34.81%,9.42%,0.0224,7.19%
12/23/15,2.16%,11.51%,34.82%,9.36%,0.0225,7.11%
12/24/15,2.16%,11.52%,34.82%,9.36%,0.0224,7.12%
12/28/15,2.17%,11.57%,34.80%,9.38%,0.0223,7.15%
12/29/15,2.14%,11.60%,34.80%,9.34%,0.0231,7.04%
12/30/15,2.16%,11.60%,34.79%,9.37%,0.0229,7.08%
12/31/15,2.18%,11.58%,34.70%,9.41%,0.0227,7.14%
1/13/16,2.35%,11.54%,35.08%,10.24%,0.0209,8.15%
1/14/16,2.31%,11.51%,35.10%,10.17%,0.0209,8.08%
1/15/16,2.36%,11.42%,35.13%,10.21%,0.0204,8.18%
1/19/16,2.37%,11.49%,35.21%,10.21%,0.0206,8.15%
1/20/16,2.37%,11.50%,35.29%,10.26%,0.0198,8.28%
1/21/16,2.36%,11.46%,35.32%,10.22%,0.0203,8.19%
1/22/16,2.32%,11.57%,35.34%,10.15%,0.0205,8.10%
1/25/16,2.35%,10.88%,35.48%,10.03%,0.02,8.03%
1/26/16,2.32%,11.51%,35.21%,10.06%,0.0199,8.06%
1/27/16,2.35%,11.32%,35.24%,10.15%,0.02,8.15%
1/28/16,2.33%,11.32%,35.30%,10.07%,0.0198,8.09%
1/29/16,2.27%,10.79%,35.31%,9.87%,0.0192,7.95%
2/16/16,2.34%,11.12%,35.63%,9.98%,0.0177,8.21%
2/17/16,2.30%,11.13%,35.66%,9.91%,0.0182,8.09%
2/18/16,2.32%,11.08%,35.67%,9.89%,0.0174,8.15%
2/19/16,2.32%,11.10%,35.68%,9.89%,0.0175,8.15%
2/22/16,2.29%,11.59%,35.69%,10.00%,0.0175,8.25%
2/23/16,2.32%,11.10%,35.70%,9.94%,0.0172,8.22%
2/24/16,2.31%,11.11%,35.71%,9.85%,0.0175,8.10%
2/25/16,2.28%,11.20%,35.71%,9.83%,0.0172,8.11%
2/26/16,2.28%,11.19%,35.72%,9.86%,0.0176,8.09%
2/29/16,2.30%,11.19%,35.74%,9.87%,0.0174,8.14%
3/14/16,2.21%,11.25%,35.82%,9.72%,0.0196,7.76%
3/15/16,2.22%,11.24%,35.81%,9.72%,0.0197,7.75%
3/16/16,2.21%,11.24%,35.81%,9.70%,0.0191,7.79%
3/17/16,2.19%,11.24%,35.81%,9.67%,0.019,7.77%
3/18/16,2.18%,11.23%,35.81%,9.64%,0.0187,7.77%
3/21/16,2.18%,11.23%,35.84%,9.63%,0.0192,7.72%
3/22/16,2.18%,11.24%,35.84%,9.63%,0.0194,7.69%
3/23/16,2.20%,11.24%,35.84%,9.65%,0.0188,7.77%
3/24/16,2.19%,11.25%,35.85%,9.65%,0.019,7.75%
3/28/16,2.19%,11.27%,35.88%,9.66%,0.0189,7.77%
3/29/16,2.18%,11.32%,35.88%,9.63%,0.018,7.82%
3/30/16,2.16%,11.36%,35.85%,9.62%,0.0182,7.80%
3/31/16,2.17%,11.34%,35.85%,9.63%,0.0177,7.86%
4/13/16,2.15%,11.17%,35.99%,9.50%,0.0176,7.74%
4/14/16,2.15%,11.15%,35.99%,9.49%,0.0179,7.70%
4/15/16,2.15%,11.18%,35.99%,9.50%,0.0175,7.74%
4/18/16,2.13%,11.25%,35.92%,9.48%,0.0177,7.70%
4/19/16,2.13%,11.16%,36.10%,9.44%,0.0179,7.66%
4/20/16,2.13%,11.21%,36.10%,9.46%,0.0185,7.61%
4/21/16,2.14%,11.27%,36.10%,9.51%,0.0186,7.65%
4/22/16,2.15%,11.22%,36.13%,9.50%,0.0189,7.61%
4/25/16,2.15%,11.23%,36.40%,9.49%,0.0191,7.58%
4/26/16,2.16%,11.17%,36.13%,9.46%,0.0193,7.54%
4/27/16,2.15%,11.05%,36.18%,9.39%,0.0185,7.54%
4/28/16,2.18%,11.06%,36.18%,9.42%,0.0182,7.60%
4/29/16,2.19%,11.15%,36.18%,9.47%,0.0183,7.64%
5/13/16,2.21%,11.31%,36.13%,9.51%,0.017,7.81%
5/16/16,2.19%,11.32%,36.13%,9.50%,0.0175,7.74%
5/17/16,2.21%,11.30%,36.11%,9.54%,0.0177,7.77%
5/18/16,2.22%,11.28%,36.11%,9.55%,0.0185,7.69%
5/19/16,2.23%,11.29%,36.09%,9.56%,0.0185,7.71%
5/20/16,2.21%,11.29%,36.09%,9.54%,0.0184,7.70%
5/23/16,2.22%,11.31%,36.01%,9.56%,0.0184,7.72%
5/24/16,2.19%,11.22%,36.02%,9.47%,0.0186,7.61%
5/25/16,2.17%,11.21%,36.02%,9.41%,0.0187,7.55%
5/26/16,2.17%,11.23%,36.03%,9.41%,0.0183,7.58%
5/27/16,2.17%,11.21%,36.03%,9.38%,0.0185,7.53%
5/31/16,2.17%,11.23%,36.07%,9.39%,0.0185,7.55%
6/13/16,2.19%,11.06%,36.11%,9.37%,0.0161,7.76%
6/14/16,2.19%,11.12%,36.12%,9.38%,0.0161,7.77%
6/15/16,2.20%,11.13%,36.12%,9.40%,0.0157,7.83%
6/16/16,2.19%,11.12%,36.13%,9.39%,0.0158,7.81%
6/17/16,2.20%,11.09%,36.14%,9.39%,0.0161,7.79%
6/20/16,2.19%,11.05%,36.13%,9.36%,0.0169,7.67%
6/21/16,2.18%,11.05%,36.14%,9.34%,0.0171,7.64%
6/22/16,2.18%,10.98%,36.16%,9.36%,0.0169,7.68%
6/23/16,2.16%,10.98%,36.16%,9.31%,0.0175,7.57%
6/24/16,2.24%,10.95%,36.16%,9.41%,0.0156,7.85%
6/27/16,2.28%,10.95%,36.18%,9.52%,0.0144,8.08%
6/28/16,2.23%,10.96%,36.19%,9.46%,0.0147,7.99%
6/29/16,2.19%,10.99%,36.15%,9.39%,0.0152,7.87%
6/30/16,2.16%,10.97%,36.16%,9.31%,0.0147,7.84%
7/13/16,2.11%,11.10%,36.30%,9.22%,0.0147,7.74%
7/14/16,2.10%,11.10%,36.32%,9.19%,0.0154,7.66%
7/15/16,2.11%,11.08%,36.36%,9.18%,0.0155,7.63%
7/18/16,2.10%,11.04%,36.44%,9.15%,0.0158,7.56%
7/19/16,2.10%,11.01%,36.49%,9.13%,0.0155,7.58%
7/20/16,2.10%,11.03%,36.48%,9.12%,0.0158,7.54%
7/21/16,2.11%,11.13%,36.54%,9.18%,0.0156,7.62%
7/22/16,2.10%,11.05%,36.63%,9.13%,0.0157,7.57%
7/25/16,2.10%,11.08%,36.35%,9.15%,0.0157,7.58%
7/26/16,2.10%,11.05%,36.22%,9.14%,0.0156,7.58%
7/27/16,2.11%,11.04%,36.20%,9.15%,0.015,7.65%
7/28/16,2.11%,11.08%,36.20%,9.15%,0.015,7.65%
7/29/16,2.11%,11.02%,36.22%,9.12%,0.0145,7.67%
8/15/16,2.10%,10.99%,36.36%,9.11%,0.0156,7.55%
8/16/16,2.11%,10.97%,36.36%,9.12%,0.0158,7.54%
8/17/16,2.11%,10.92%,36.37%,9.08%,0.0155,7.53%
8/18/16,2.10%,10.92%,36.37%,9.07%,0.0154,7.53%
8/19/16,2.10%,10.92%,36.36%,9.08%,0.0158,7.50%
8/22/16,2.10%,10.98%,36.33%,9.11%,0.0154,7.57%
8/23/16,2.10%,10.98%,36.33%,9.10%,0.0155,7.56%
8/24/16,2.11%,10.97%,36.32%,9.12%,0.0156,7.56%
8/25/16,2.11%,10.97%,36.33%,9.13%,0.0157,7.56%
8/26/16,2.12%,11.02%,36.33%,9.16%,0.0163,7.53%
8/29/16,2.11%,10.97%,36.30%,9.12%,0.0156,7.56%
8/30/16,2.11%,11.00%,36.30%,9.14%,0.0157,7.57%
8/31/16,2.12%,10.99%,36.30%,9.15%,0.0158,7.57%
9/13/16,2.15%,11.16%,36.15%,9.31%,0.0173,7.58%
9/14/16,2.15%,11.16%,36.15%,9.32%,0.017,7.62%
9/15/16,2.13%,11.16%,36.14%,9.28%,0.0169,7.59%
9/16/16,2.14%,11.17%,36.12%,9.29%,0.0169,7.59%
9/19/16,2.14%,11.15%,36.10%,9.28%,0.0171,7.57%
9/20/16,2.14%,11.15%,36.11%,9.28%,0.0169,7.59%
9/21/16,2.12%,11.16%,36.11%,9.23%,0.0165,7.58%
9/22/16,2.11%,11.13%,36.10%,9.18%,0.0162,7.56%
9/23/16,2.12%,11.09%,36.09%,9.18%,0.0162,7.56%
9/26/16,2.14%,11.08%,36.13%,9.21%,0.0158,7.63%
9/27/16,2.12%,11.09%,36.12%,9.19%,0.0156,7.63%
9/28/16,2.11%,11.11%,36.12%,9.17%,0.0157,7.60%
9/29/16,2.13%,11.12%,36.11%,9.21%,0.0156,7.65%
9/30/16,2.12%,11.10%,36.10%,9.19%,0.0159,7.60%
10/13/16,2.15%,11.22%,36.01%,9.30%,0.0174,7.56%
10/14/16,2.15%,11.20%,36.00%,9.30%,0.018,7.50%
10/17/16,2.16%,11.17%,36.15%,9.30%,0.0177,7.54%
10/18/16,2.15%,11.19%,36.11%,9.28%,0.0174,7.54%
10/19/16,2.14%,11.26%,36.13%,9.29%,0.0174,7.55%
10/20/16,2.15%,11.25%,36.04%,9.30%,0.0176,7.54%
10/21/16,2.15%,11.31%,36.13%,9.32%,0.0174,7.58%
10/24/16,2.14%,11.33%,36.09%,9.30%,0.0177,7.54%
10/25/16,2.15%,11.34%,35.91%,9.34%,0.0176,7.58%
10/26/16,2.15%,11.25%,35.88%,9.33%,0.0179,7.54%
10/27/16,2.16%,11.22%,35.86%,9.33%,0.0185,7.48%
10/28/16,2.17%,11.14%,35.83%,9.30%,0.0185,7.45%
10/31/16,2.18%,11.16%,35.80%,9.29%,0.0183,7.46%
11/14/16,2.15%,11.05%,35.93%,9.24%,0.0226,6.98%
11/15/16,2.13%,11.09%,35.94%,9.21%,0.0222,6.99%
11/16/16,2.14%,11.13%,35.94%,9.22%,0.0222,7.00%
11/17/16,2.13%,11.16%,35.94%,9.21%,0.023,6.90%
11/18/16,2.14%,11.15%,35.92%,9.21%,0.0236,6.86%
11/21/16,2.12%,11.21%,35.95%,9.21%,0.0232,6.89%
11/22/16,2.12%,11.19%,35.95%,9.18%,0.0231,6.87%
11/23/16,2.12%,11.16%,35.94%,9.17%,0.0235,6.82%
11/25/16,2.11%,11.17%,35.95%,9.15%,0.0236,6.79%
11/28/16,2.12%,11.06%,35.95%,9.14%,0.0231,6.83%
11/29/16,2.11%,11.08%,35.95%,9.14%,0.0229,6.84%
11/30/16,2.13%,11.11%,35.95%,9.17%,0.0238,6.79%
12/13/16,2.08%,11.03%,35.98%,9.00%,0.0247,6.53%
12/14/16,2.09%,11.05%,35.98%,9.04%,0.0257,6.47%
12/15/16,2.09%,11.07%,35.97%,9.04%,0.026,6.45%
12/16/16,2.09%,11.04%,35.97%,9.03%,0.0259,6.44%
12/19/16,2.09%,10.79%,35.99%,8.95%,0.0254,6.41%
12/20/16,2.08%,10.84%,35.96%,8.92%,0.0256,6.36%
12/21/16,2.09%,10.84%,35.97%,8.92%,0.0254,6.38%
12/22/16,2.09%,10.84%,35.97%,8.93%,0.0255,6.37%
12/23/16,2.09%,10.83%,35.97%,8.92%,0.0254,6.39%
12/27/16,2.08%,10.81%,35.98%,8.91%,0.0256,6.35%
12/28/16,2.10%,10.83%,35.98%,8.95%,0.0251,6.44%
12/29/16,2.10%,10.83%,35.98%,8.96%,0.0248,6.48%
12/30/16,2.11%,10.81%,35.97%,8.97%,0.0244,6.53%
1/13/17,2.07%,10.86%,36.00%,9.38%,0.024,6.98%
1/17/17,2.08%,10.97%,36.01%,9.48%,0.0233,7.15%
1/18/17,2.08%,10.99%,36.00%,9.47%,0.0243,7.04%
1/19/17,2.08%,11.03%,36.00%,9.48%,0.0247,7.01%
1/20/17,2.08%,11.03%,36.02%,9.47%,0.0247,7.00%
1/23/17,2.08%,11.13%,35.80%,9.52%,0.024,7.12%
1/24/17,2.07%,11.11%,35.89%,9.48%,0.0247,7.02%
1/25/17,2.05%,11.07%,35.91%,9.43%,0.0251,6.92%
1/26/17,2.06%,11.12%,35.95%,9.43%,0.025,6.93%
1/27/17,2.06%,11.21%,35.95%,9.46%,0.0248,6.98%
1/30/17,2.07%,11.09%,36.19%,9.43%,0.0249,6.94%
1/31/17,2.08%,11.11%,36.19%,9.42%,0.0245,6.96%
2/13/17,2.04%,10.94%,36.36%,9.27%,0.0244,6.84%
2/14/17,2.04%,10.93%,36.39%,9.26%,0.0247,6.79%
2/15/17,2.03%,10.91%,36.39%,9.22%,0.0249,6.72%
2/16/17,2.03%,10.80%,36.40%,9.18%,0.0245,6.73%
2/17/17,2.03%,10.80%,36.41%,9.16%,0.0242,6.75%
2/21/17,2.03%,10.82%,36.48%,9.14%,0.0243,6.71%
2/22/17,2.03%,10.82%,36.50%,9.14%,0.0241,6.73%
2/23/17,2.03%,10.81%,36.51%,9.14%,0.0237,6.77%
2/24/17,2.03%,11.20%,36.49%,9.28%,0.0231,6.97%
2/27/17,2.02%,10.95%,36.48%,9.20%,0.0237,6.83%
2/28/17,2.03%,10.90%,36.49%,9.17%,0.0239,6.78%
3/13/17,2.02%,10.87%,36.49%,9.13%,0.0263,6.51%
3/14/17,2.02%,10.92%,36.46%,9.18%,0.026,6.58%
3/15/17,2.01%,11.18%,36.46%,9.30%,0.0249,6.80%
3/16/17,2.01%,11.20%,36.46%,9.33%,0.0254,6.79%
3/17/17,2.01%,11.20%,36.45%,9.33%,0.025,6.83%
3/20/17,2.02%,11.18%,36.42%,9.33%,0.0246,6.87%
3/21/17,2.04%,11.13%,36.41%,9.36%,0.0242,6.94%
3/22/17,2.04%,11.18%,36.41%,9.37%,0.0241,6.97%
3/23/17,2.04%,11.17%,36.42%,9.37%,0.0242,6.95%
3/24/17,2.04%,11.17%,36.43%,9.38%,0.0241,6.97%
3/27/17,2.04%,11.17%,36.44%,9.37%,0.0238,6.99%
3/28/17,2.03%,11.17%,36.44%,9.34%,0.0242,6.92%
3/29/17,2.03%,11.20%,36.44%,9.34%,0.0238,6.97%
3/30/17,2.02%,11.20%,36.42%,9.33%,0.0242,6.91%
3/31/17,2.03%,11.20%,36.42%,9.34%,0.0239,6.95%
4/13/17,2.06%,11.30%,36.47%,9.45%,0.0224,7.21%
4/17/17,2.04%,11.37%,36.38%,9.43%,0.0225,7.18%
4/18/17,2.05%,11.37%,36.45%,9.45%,0.0217,7.28%
4/19/17,2.05%,11.51%,36.44%,9.51%,0.0221,7.30%
4/20/17,2.04%,11.51%,36.45%,9.49%,0.0223,7.26%
4/21/17,2.04%,11.40%,36.40%,9.46%,0.0225,7.21%
4/24/17,2.02%,11.37%,36.19%,9.40%,0.0227,7.13%
4/25/17,2.01%,11.35%,36.35%,9.36%,0.0233,7.03%
4/26/17,2.01%,11.40%,36.37%,9.37%,0.023,7.07%
4/27/17,2.01%,11.43%,36.35%,9.37%,0.023,7.08%
4/28/17,2.02%,11.39%,36.32%,9.37%,0.0228,7.09%
5/15/17,2.01%,11.71%,36.05%,9.53%,0.0234,7.18%
5/16/17,2.01%,11.90%,36.05%,9.62%,0.0233,7.30%
5/17/17,2.05%,11.88%,36.04%,9.69%,0.0222,7.47%
5/18/17,2.04%,11.72%,36.07%,9.61%,0.0223,7.38%
5/19/17,2.03%,11.74%,36.06%,9.57%,0.0224,7.34%
5/22/17,2.02%,11.78%,36.07%,9.57%,0.0225,7.32%
5/23/17,2.02%,11.76%,36.07%,9.54%,0.0228,7.26%
5/24/17,2.01%,11.78%,36.07%,9.53%,0.0225,7.28%
5/25/17,2.01%,11.78%,36.07%,9.50%,0.0226,7.24%
5/26/17,2.01%,11.78%,36.16%,9.50%,0.0225,7.25%
5/30/17,2.01%,11.83%,36.16%,9.51%,0.0221,7.30%
5/31/17,2.01%,11.80%,36.17%,9.50%,0.022,7.30%
6/13/17,1.99%,11.84%,36.35%,9.50%,0.0221,7.29%
6/14/17,1.99%,11.79%,36.35%,9.48%,0.0213,7.36%
6/15/17,1.99%,11.79%,36.34%,9.49%,0.0216,7.32%
6/16/17,2.00%,11.83%,36.36%,9.50%,0.0215,7.35%
6/19/17,1.98%,11.73%,36.27%,9.43%,0.0219,7.24%
6/20/17,1.99%,11.72%,36.27%,9.44%,0.0216,7.28%
6/21/17,1.99%,11.70%,36.28%,9.42%,0.0216,7.26%
6/22/17,1.99%,11.72%,36.25%,9.43%,0.0215,7.28%
6/23/17,1.99%,11.73%,36.25%,9.43%,0.0214,7.29%
6/26/17,1.99%,11.76%,36.16%,9.43%,0.0214,7.29%
6/27/17,2.01%,11.77%,36.15%,9.47%,0.0221,7.26%
6/28/17,1.99%,11.81%,36.15%,9.45%,0.0223,7.23%
6/29/17,2.01%,11.77%,36.17%,9.50%,0.0227,7.23%
6/30/17,2.01%,11.73%,36.16%,9.45%,0.023,7.15%
7/13/17,1.99%,11.97%,36.22%,9.54%,0.0234,7.20%
7/14/17,1.98%,11.95%,36.22%,9.50%,0.0233,7.17%
7/17/17,1.98%,12.00%,36.19%,9.53%,0.0231,7.21%
7/18/17,1.98%,11.88%,36.16%,9.56%,0.0226,7.31%
7/19/17,1.98%,12.10%,36.17%,9.53%,0.0227,7.26%
7/20/17,1.98%,12.10%,36.16%,9.51%,0.0226,7.25%
7/21/17,1.98%,12.12%,36.20%,9.50%,0.0224,7.27%
7/24/17,1.99%,12.19%,36.36%,9.53%,0.0226,7.28%
7/25/17,1.97%,12.10%,36.53%,9.55%,0.0234,7.21%
7/26/17,1.99%,12.10%,36.40%,9.54%,0.0229,7.25%
7/27/17,1.99%,12.18%,36.33%,9.50%,0.0231,7.19%
7/28/17,1.99%,12.05%,36.30%,9.47%,0.0229,7.18%
7/31/17,1.99%,11.95%,36.18%,9.42%,0.0229,7.12%
8/14/17,2.00%,11.82%,36.17%,9.39%,0.0222,7.18%
8/15/17,2.00%,11.85%,36.16%,9.40%,0.0227,7.13%
8/16/17,2.00%,11.87%,36.16%,9.41%,0.0222,7.19%
8/17/17,2.03%,11.86%,36.17%,9.47%,0.0219,7.29%
8/18/17,2.03%,11.89%,36.16%,9.50%,0.0219,7.31%
8/21/17,2.03%,11.67%,36.17%,9.40%,0.0218,7.22%
8/22/17,2.01%,11.70%,36.15%,9.36%,0.0221,7.14%
8/23/17,2.02%,11.74%,36.15%,9.38%,0.0217,7.22%
8/24/17,2.02%,11.78%,36.15%,9.41%,0.0219,7.22%
8/25/17,2.02%,11.74%,36.15%,9.40%,0.0217,7.23%
8/28/17,2.02%,12.00%,36.16%,9.50%,0.0216,7.34%
8/29/17,2.02%,11.96%,36.16%,9.51%,0.0213,7.38%
8/30/17,2.01%,11.98%,36.16%,9.50%,0.0213,7.37%
8/31/17,2.00%,12.00%,36.17%,9.48%,0.0212,7.36%
9/13/17,1.98%,12.04%,36.12%,9.40%,0.0219,7.22%
9/14/17,1.98%,12.04%,36.03%,9.41%,0.0219,7.23%
9/15/17,1.98%,12.04%,36.03%,9.41%,0.022,7.21%
9/18/17,1.98%,12.04%,36.04%,9.41%,0.0223,7.18%
9/19/17,1.98%,12.08%,36.03%,9.42%,0.0225,7.18%
9/20/17,1.98%,12.05%,36.04%,9.41%,0.0227,7.14%
9/21/17,1.99%,12.05%,36.04%,9.43%,0.0228,7.15%
9/22/17,1.99%,12.08%,36.05%,9.43%,0.0225,7.18%
9/25/17,2.00%,11.92%,35.95%,9.38%,0.0222,7.16%
9/26/17,2.00%,11.94%,35.93%,9.38%,0.0224,7.14%
9/27/17,1.99%,12.01%,35.94%,9.39%,0.0231,7.08%
9/28/17,1.99%,12.03%,35.95%,9.39%,0.0231,7.08%
9/29/17,1.98%,12.10%,35.94%,9.41%,0.0233,7.07%
10/13/17,1.96%,12.00%,35.89%,9.37%,0.0227,7.10%
10/16/17,1.95%,11.66%,36.02%,9.30%,0.023,7.00%
10/17/17,1.95%,11.82%,36.03%,9.40%,0.023,7.10%
10/18/17,1.95%,11.78%,36.02%,9.36%,0.0235,7.01%
10/19/17,1.95%,11.70%,36.03%,9.32%,0.0232,7.01%
10/20/17,1.94%,11.67%,36.04%,9.29%,0.0238,6.90%
10/23/17,1.95%,11.78%,36.21%,9.35%,0.0237,6.98%
10/24/17,1.95%,11.85%,36.18%,9.38%,0.0242,6.96%
10/25/17,1.96%,11.89%,36.18%,9.40%,0.0243,6.97%
10/26/17,1.95%,11.94%,36.14%,9.42%,0.0246,6.96%
10/27/17,1.94%,11.87%,36.05%,9.37%,0.0241,6.96%
10/30/17,1.94%,12.03%,35.92%,9.44%,0.0237,7.07%
10/31/17,1.94%,12.06%,35.88%,9.45%,0.0238,7.07%
11/13/17,1.92%,12.19%,35.72%,9.44%,0.0241,7.04%
11/14/17,1.92%,12.13%,35.71%,9.43%,0.0237,7.05%
11/15/17,1.93%,12.12%,35.70%,9.45%,0.0232,7.13%
11/16/17,1.92%,11.90%,35.70%,9.33%,0.0238,6.96%
11/17/17,1.92%,12.02%,35.68%,9.31%,0.0234,6.97%
11/20/17,1.92%,12.01%,35.68%,9.31%,0.0237,6.94%
11/21/17,1.91%,12.01%,35.69%,9.27%,0.0236,6.91%
11/22/17,1.91%,12.01%,35.67%,9.27%,0.0232,6.95%
11/24/17,1.91%,12.06%,35.63%,9.28%,0.0234,6.93%
11/27/17,1.91%,12.01%,35.62%,9.26%,0.0233,6.93%
11/28/17,1.89%,11.99%,35.62%,9.22%,0.0233,6.89%
11/29/17,1.89%,11.98%,35.61%,9.22%,0.0239,6.83%
11/30/17,1.88%,11.99%,35.61%,9.19%,0.0241,6.78%
12/13/17,1.88%,11.97%,35.61%,9.17%,0.0234,6.82%
12/14/17,1.89%,11.97%,35.61%,9.18%,0.0235,6.83%
12/15/17,1.87%,11.99%,35.60%,9.15%,0.0235,6.80%
12/18/17,1.87%,12.04%,35.53%,9.16%,0.0239,6.76%
12/19/17,1.87%,12.05%,35.53%,9.18%,0.0246,6.71%
12/20/17,1.87%,12.09%,35.53%,9.19%,0.025,6.70%
12/21/17,1.87%,12.14%,35.53%,9.22%,0.0248,6.73%
12/22/17,1.87%,12.14%,35.53%,9.22%,0.0248,6.74%
12/26/17,1.87%,11.98%,35.53%,9.16%,0.0248,6.68%
12/27/17,1.87%,12.00%,35.53%,9.15%,0.0241,6.74%
12/28/17,1.86%,12.01%,35.53%,9.15%,0.0243,6.72%
12/29/17,1.87%,12.01%,35.53%,9.17%,0.0241,6.76%
1/16/18,1.81%,12.97%,35.03%,10.10%,0.0254,7.56%
1/17/18,1.79%,13.00%,35.00%,10.07%,0.0259,7.48%
1/18/18,1.79%,12.88%,34.93%,10.01%,0.0263,7.39%
1/19/18,1.79%,12.83%,34.85%,9.97%,0.0266,7.31%
1/22/18,1.77%,12.72%,34.44%,9.89%,0.0265,7.24%
1/23/18,1.77%,12.87%,34.38%,9.92%,0.0261,7.30%
1/24/18,1.77%,12.87%,34.33%,9.93%,0.0265,7.29%
1/25/18,1.78%,12.94%,34.40%,9.98%,0.0262,7.36%
1/26/18,1.76%,12.88%,34.40%,9.92%,0.0266,7.26%
1/29/18,1.77%,13.18%,34.70%,10.10%,0.0269,7.40%
1/30/18,1.79%,12.93%,34.69%,10.01%,0.0272,7.29%
1/31/18,1.79%,12.98%,34.67%,9.99%,0.0271,7.28%
2/13/18,1.91%,12.72%,34.34%,10.19%,0.0283,7.36%
2/14/18,1.89%,12.74%,34.39%,10.14%,0.029,7.24%
2/15/18,1.88%,12.78%,34.46%,10.10%,0.0291,7.19%
2/16/18,1.88%,12.78%,34.47%,10.07%,0.0288,7.19%
2/20/18,1.90%,12.74%,34.45%,10.08%,0.0289,7.19%
2/21/18,1.91%,12.79%,34.49%,10.12%,0.0295,7.17%
2/22/18,1.91%,12.79%,34.49%,10.10%,0.0292,7.18%
2/23/18,1.88%,12.86%,34.43%,10.05%,0.0287,7.18%
2/26/18,1.86%,12.92%,34.42%,10.05%,0.0286,7.19%
2/27/18,1.88%,12.97%,34.39%,10.11%,0.0289,7.22%
2/28/18,1.91%,13.00%,34.40%,10.16%,0.0286,7.30%
3/13/18,1.87%,12.83%,34.53%,9.91%,0.0284,7.07%
3/14/18,1.88%,12.85%,34.53%,9.95%,0.0282,7.13%
3/15/18,1.89%,12.80%,34.53%,9.93%,0.0283,7.11%
3/16/18,1.88%,12.82%,34.55%,9.94%,0.0284,7.10%
3/19/18,1.91%,12.84%,34.52%,10.00%,0.0286,7.15%
3/20/18,1.91%,12.93%,34.53%,10.03%,0.029,7.13%
3/21/18,1.91%,12.95%,34.53%,10.05%,0.0288,7.16%
3/22/18,1.96%,12.87%,34.54%,10.14%,0.0282,7.31%
3/23/18,2.00%,12.86%,34.55%,10.23%,0.0281,7.42%
3/26/18,1.95%,12.80%,34.54%,10.08%,0.0285,7.23%
3/27/18,1.98%,12.73%,34.54%,10.13%,0.0278,7.35%
3/28/18,1.99%,12.65%,34.54%,10.13%,0.0278,7.35%
3/29/18,1.96%,12.68%,34.55%,10.07%,0.0274,7.34%
4/13/18,1.96%,12.98%,34.61%,10.19%,0.0283,7.36%
4/16/18,1.94%,12.84%,34.55%,10.08%,0.0283,7.26%
4/17/18,1.92%,12.88%,34.54%,10.03%,0.0283,7.20%
4/18/18,1.92%,12.94%,34.53%,10.04%,0.0287,7.17%
4/19/18,1.93%,12.92%,34.53%,10.05%,0.0291,7.14%
4/20/18,1.95%,12.86%,34.52%,10.06%,0.0296,7.10%
4/23/18,1.95%,12.95%,34.50%,10.10%,0.0298,7.13%
4/24/18,1.98%,12.82%,34.49%,10.12%,0.03,7.12%
4/25/18,1.98%,12.85%,34.45%,10.13%,0.0303,7.11%
4/26/18,1.96%,13.08%,34.42%,10.16%,0.0298,7.18%
4/27/18,1.96%,13.25%,34.37%,10.22%,0.0296,7.27%
4/30/18,1.98%,13.31%,34.35%,10.30%,0.0295,7.34%
5/14/18,1.93%,13.65%,34.17%,10.37%,0.03,7.37%
5/15/18,1.95%,13.67%,34.17%,10.41%,0.0307,7.34%
5/16/18,1.94%,13.67%,34.17%,10.40%,0.031,7.31%
5/17/18,1.94%,13.66%,34.17%,10.40%,0.0311,7.29%
5/18/18,1.95%,13.64%,34.13%,10.41%,0.0306,7.35%
5/21/18,1.93%,13.59%,34.17%,10.36%,0.0306,7.30%
5/22/18,1.94%,13.56%,34.20%,10.38%,0.0306,7.32%
5/23/18,1.93%,13.59%,34.16%,10.37%,0.0299,7.37%
5/24/18,1.94%,13.60%,34.17%,10.37%,0.0298,7.40%
5/25/18,1.94%,13.57%,34.16%,10.37%,0.0293,7.43%
5/29/18,1.96%,13.70%,34.14%,10.49%,0.0278,7.70%
5/30/18,1.94%,13.71%,34.12%,10.45%,0.0286,7.60%
5/31/18,1.95%,13.75%,34.12%,10.48%,0.0286,7.62%
6/13/18,1.91%,13.83%,34.03%,10.37%,0.0297,7.40%
6/14/18,1.90%,13.86%,34.03%,10.36%,0.0294,7.43%
6/15/18,1.90%,13.80%,34.05%,10.35%,0.0292,7.43%
6/18/18,1.91%,13.87%,33.97%,10.38%,0.0292,7.46%
6/19/18,1.92%,13.88%,33.97%,10.40%,0.029,7.50%
6/20/18,1.92%,13.89%,34.01%,10.38%,0.0294,7.44%
6/21/18,1.93%,13.86%,34.02%,10.41%,0.029,7.51%
6/22/18,1.93%,13.86%,34.01%,10.40%,0.029,7.50%
6/25/18,1.95%,13.83%,34.02%,10.48%,0.0288,7.60%
6/26/18,1.95%,13.87%,34.02%,10.49%,0.0288,7.61%
6/27/18,1.97%,13.83%,34.02%,10.52%,0.0283,7.69%
6/28/18,1.97%,13.84%,34.02%,10.49%,0.0284,7.65%
6/29/18,1.97%,13.87%,34.02%,10.49%,0.0286,7.63%
7/13/18,1.91%,13.87%,34.00%,10.38%,0.0283,7.55%
7/16/18,1.91%,14.05%,33.94%,10.44%,0.0286,7.58%
7/17/18,1.91%,14.12%,33.94%,10.47%,0.0286,7.61%
7/18/18,1.91%,14.02%,33.97%,10.43%,0.0287,7.56%
7/19/18,1.91%,14.03%,33.96%,10.44%,0.0284,7.60%
7/20/18,1.92%,14.03%,33.95%,10.44%,0.0289,7.54%
7/23/18,1.90%,14.02%,33.90%,10.42%,0.0295,7.47%
7/24/18,1.90%,13.99%,33.86%,10.40%,0.0295,7.45%
7/25/18,1.88%,13.99%,33.74%,10.34%,0.0298,7.37%
7/26/18,1.90%,13.96%,33.74%,10.35%,0.0298,7.38%
7/27/18,1.91%,13.90%,33.76%,10.37%,0.0295,7.42%
7/30/18,1.92%,13.28%,33.79%,10.09%,0.0297,7.11%
7/31/18,1.91%,13.30%,33.72%,10.04%,0.0296,7.08%
8/13/18,1.92%,13.37%,33.78%,10.01%,0.0288,7.13%
8/14/18,1.90%,13.33%,33.76%,9.98%,0.029,7.08%
8/15/18,1.92%,13.28%,33.76%,10.00%,0.0286,7.14%
8/16/18,1.90%,13.26%,33.75%,9.97%,0.0287,7.10%
8/17/18,1.90%,13.25%,33.74%,9.94%,0.0286,7.08%
8/20/18,1.89%,13.21%,33.74%,9.92%,0.0282,7.10%
8/21/18,1.89%,13.23%,33.75%,9.92%,0.0283,7.09%
8/22/18,1.89%,13.28%,33.75%,9.93%,0.0282,7.11%
8/23/18,1.90%,13.27%,33.75%,9.94%,0.0283,7.11%
8/24/18,1.89%,13.35%,33.75%,9.94%,0.0281,7.13%
8/27/18,1.87%,13.56%,33.70%,9.98%,0.0285,7.14%
8/28/18,1.87%,13.59%,33.67%,9.99%,0.0288,7.11%
8/29/18,1.86%,13.49%,33.67%,9.92%,0.0288,7.03%
8/30/18,1.86%,13.50%,33.67%,9.93%,0.0286,7.07%
8/31/18,1.86%,13.50%,33.68%,9.93%,0.0286,7.07%
9/13/18,1.86%,13.51%,33.67%,9.93%,0.0297,6.96%
9/14/18,1.86%,13.57%,33.67%,9.95%,0.03,6.95%
9/17/18,1.87%,13.44%,33.58%,9.94%,0.0299,6.96%
9/18/18,1.88%,13.55%,33.58%,9.97%,0.0306,6.92%
9/19/18,1.88%,13.53%,33.58%,9.97%,0.0306,6.91%
9/20/18,1.87%,13.60%,33.58%,9.96%,0.0306,6.90%
9/21/18,1.87%,13.50%,33.58%,9.95%,0.0306,6.89%
9/24/18,1.88%,13.48%,33.58%,9.94%,0.0309,6.85%
9/25/18,1.88%,13.52%,33.59%,9.96%,0.031,6.86%
9/26/18,1.89%,13.55%,33.62%,9.99%,0.0305,6.94%
9/27/18,1.88%,13.58%,33.62%,9.98%,0.0305,6.93%
9/28/18,1.88%,13.58%,33.60%,9.95%,0.0306,6.89%
10/15/18,2.00%,13.74%,33.54%,10.40%,0.0316,7.25%
10/16/18,1.96%,13.77%,33.55%,10.30%,0.0316,7.14%
10/17/18,1.96%,13.77%,33.54%,10.29%,0.0321,7.08%
10/18/18,1.99%,13.66%,33.53%,10.31%,0.0318,7.14%
10/19/18,1.99%,13.62%,33.54%,10.31%,0.0319,7.11%
10/22/18,2.00%,13.82%,33.58%,10.41%,0.032,7.21%
10/23/18,2.01%,13.83%,33.41%,10.45%,0.0317,7.28%
10/24/18,2.07%,13.76%,33.41%,10.58%,0.031,7.47%
10/25/18,2.04%,13.91%,33.38%,10.54%,0.0312,7.43%
10/26/18,2.07%,13.69%,33.35%,10.53%,0.0308,7.46%
10/29/18,2.09%,13.42%,33.33%,10.48%,0.0309,7.39%
10/30/18,2.06%,13.39%,33.34%,10.39%,0.0312,7.26%
10/31/18,2.03%,13.38%,33.28%,10.30%,0.0314,7.16%
11/13/18,2.03%,13.26%,33.43%,10.19%,0.0314,7.05%
11/14/18,2.05%,13.25%,33.45%,10.23%,0.0313,7.10%
11/15/18,2.03%,13.25%,33.44%,10.19%,0.0311,7.08%
11/16/18,2.02%,13.35%,33.44%,10.20%,0.0306,7.14%
11/19/18,2.06%,13.23%,33.44%,10.27%,0.0306,7.21%
11/20/18,2.10%,13.23%,33.45%,10.37%,0.0306,7.31%
11/21/18,2.09%,13.27%,33.45%,10.37%,0.0306,7.31%
11/23/18,2.10%,13.23%,33.46%,10.39%,0.0304,7.35%
11/26/18,2.06%,13.31%,33.41%,10.33%,0.0305,7.27%
11/27/18,2.06%,13.30%,33.39%,10.30%,0.0306,7.24%
11/28/18,2.01%,13.37%,33.38%,10.21%,0.0306,7.15%
11/29/18,2.01%,13.40%,33.40%,10.21%,0.0303,7.18%
11/30/18,2.00%,13.41%,33.41%,10.18%,0.0299,7.20%
12/13/18,2.08%,13.61%,33.52%,10.46%,0.0291,7.55%
12/14/18,2.13%,13.59%,33.54%,10.55%,0.0289,7.66%
12/17/18,2.17%,13.68%,33.52%,10.70%,0.0286,7.84%
12/18/18,2.18%,13.72%,33.61%,10.72%,0.0282,7.90%
12/19/18,2.22%,13.69%,33.62%,10.78%,0.0276,8.02%
12/20/18,2.25%,13.67%,33.64%,10.86%,0.0281,8.05%
12/21/18,2.30%,13.44%,33.64%,10.92%,0.0279,8.13%
12/24/18,2.37%,13.46%,33.75%,11.07%,0.0274,8.33%
12/26/18,2.25%,13.47%,33.70%,10.85%,0.0281,8.04%
12/27/18,2.24%,13.41%,33.76%,10.76%,0.0277,8.00%
12/28/18,2.24%,13.42%,33.77%,10.76%,0.0272,8.05%
12/31/18,2.22%,13.41%,33.76%,10.71%,0.0268,8.03%
1/14/19,2.16%,13.47%,34.45%,10.92%,0.027,8.22%
1/15/19,2.13%,13.63%,34.54%,10.90%,0.0271,8.19%
1/16/19,2.13%,13.54%,34.56%,10.84%,0.0272,8.12%
1/17/19,2.11%,13.50%,34.59%,10.79%,0.0275,8.04%
1/18/19,2.08%,13.54%,34.62%,10.75%,0.0278,7.96%
1/22/19,2.11%,13.39%,34.71%,10.73%,0.0274,8.00%
1/23/19,2.11%,13.26%,34.71%,10.68%,0.0274,7.94%
1/24/19,2.12%,13.23%,34.82%,10.66%,0.0272,7.94%
1/25/19,2.10%,13.14%,34.82%,10.56%,0.0276,7.81%
1/28/19,2.12%,12.38%,34.28%,10.36%,0.0274,7.61%
1/29/19,2.12%,13.00%,34.32%,10.45%,0.0271,7.74%
1/30/19,2.10%,12.83%,34.33%,10.36%,0.0268,7.68%
1/31/19,2.07%,12.92%,34.28%,10.34%,0.0263,7.71%
2/13/19,2.05%,11.97%,34.15%,9.85%,0.027,7.14%
2/14/19,2.06%,11.98%,34.15%,9.85%,0.0265,7.19%
2/15/19,2.03%,11.92%,34.37%,9.77%,0.0266,7.11%
2/19/19,2.03%,11.88%,34.08%,9.74%,0.0263,7.10%
2/20/19,2.03%,11.84%,34.09%,9.72%,0.0265,7.07%
2/21/19,2.03%,11.82%,34.11%,9.72%,0.0269,7.03%
2/22/19,2.02%,11.76%,34.10%,9.66%,0.0265,7.01%
2/25/19,2.02%,11.76%,34.00%,9.64%,0.0266,6.98%
2/26/19,2.03%,11.77%,34.00%,9.64%,0.0264,7.00%
2/27/19,2.03%,11.85%,33.98%,9.67%,0.0268,6.99%
2/28/19,2.03%,11.81%,33.95%,9.68%,0.0272,6.96%
3/13/19,2.01%,11.83%,33.91%,9.63%,0.0262,7.01%
3/14/19,2.01%,11.81%,33.91%,9.63%,0.0263,7.00%
3/15/19,2.00%,11.80%,33.94%,9.61%,0.0259,7.02%
3/18/19,1.99%,11.86%,33.98%,9.61%,0.026,7.01%
3/19/19,2.00%,11.85%,34.05%,9.61%,0.0261,7.00%
3/20/19,2.01%,11.95%,34.30%,9.64%,0.0253,7.12%
3/21/19,1.99%,11.94%,34.29%,9.59%,0.0254,7.05%
3/22/19,2.03%,11.88%,34.30%,9.65%,0.0244,7.21%
3/25/19,2.03%,11.93%,34.19%,9.66%,0.024,7.26%
3/26/19,2.01%,12.05%,34.19%,9.69%,0.0242,7.27%
3/27/19,2.02%,11.98%,34.19%,9.70%,0.0237,7.33%
3/28/19,2.02%,11.96%,34.20%,9.67%,0.024,7.28%
3/29/19,2.00%,11.96%,34.22%,9.64%,0.0241,7.24%
4/15/19,1.96%,11.80%,34.56%,9.46%,0.0255,6.91%
4/16/19,1.96%,11.82%,34.55%,9.47%,0.0259,6.88%
4/17/19,1.97%,11.80%,34.55%,9.47%,0.0259,6.87%
4/18/19,1.97%,11.75%,34.55%,9.44%,0.0256,6.88%
4/22/19,1.96%,11.79%,34.48%,9.46%,0.0259,6.87%
4/23/19,1.95%,11.82%,34.34%,9.43%,0.0257,6.86%
4/24/19,1.96%,11.80%,34.33%,9.43%,0.0252,6.91%
4/25/19,1.96%,11.77%,34.32%,9.39%,0.0253,6.86%
4/26/19,1.94%,11.76%,34.33%,9.35%,0.025,6.86%
4/29/19,1.94%,11.83%,34.46%,9.37%,0.0253,6.85%
4/30/19,1.94%,11.74%,34.31%,9.34%,0.025,6.83%
5/13/19,2.04%,11.64%,34.29%,9.48%,0.024,7.08%
5/14/19,2.03%,11.64%,34.32%,9.46%,0.0241,7.05%
5/15/19,2.01%,11.69%,34.31%,9.44%,0.0237,7.07%
5/16/19,2.00%,11.69%,34.31%,9.39%,0.0239,7.00%
5/17/19,2.01%,12.01%,34.30%,9.51%,0.0239,7.12%
5/20/19,2.02%,11.95%,34.26%,9.57%,0.0242,7.16%
5/21/19,2.01%,11.98%,34.30%,9.55%,0.0243,7.13%
5/22/19,2.01%,11.97%,34.31%,9.55%,0.0238,7.17%
5/23/19,2.04%,11.94%,34.31%,9.59%,0.0232,7.27%
5/24/19,2.03%,11.94%,34.31%,9.58%,0.0232,7.26%
5/28/19,2.05%,12.02%,34.34%,9.64%,0.0227,7.37%
5/29/19,2.07%,12.02%,34.33%,9.69%,0.0226,7.42%
5/30/19,2.06%,12.03%,34.34%,9.68%,0.0221,7.46%
5/31/19,2.09%,12.01%,34.32%,9.73%,0.0213,7.61%
6/13/19,1.99%,12.05%,34.35%,9.50%,0.0209,7.41%
6/14/19,2.00%,12.08%,34.35%,9.51%,0.0208,7.43%
6/17/19,1.99%,12.05%,34.39%,9.49%,0.0209,7.40%
6/18/19,1.98%,12.02%,34.37%,9.43%,0.0206,7.38%
6/19/19,1.97%,11.98%,34.37%,9.40%,0.0202,7.38%
6/20/19,1.95%,11.97%,34.36%,9.35%,0.0203,7.32%
6/21/19,1.95%,11.98%,34.35%,9.35%,0.0205,7.30%
6/24/19,1.96%,11.99%,34.29%,9.35%,0.0201,7.34%
6/25/19,1.98%,11.91%,34.49%,9.37%,0.0199,7.39%
6/26/19,1.98%,11.93%,34.51%,9.39%,0.0205,7.35%
6/27/19,1.97%,11.92%,34.50%,9.37%,0.0201,7.36%
6/28/19,1.96%,11.92%,34.51%,9.35%,0.0201,7.34%
7/15/19,1.91%,11.78%,34.59%,9.13%,0.0209,7.04%
7/16/19,1.92%,11.77%,34.60%,9.13%,0.021,7.03%
7/17/19,1.93%,11.74%,34.61%,9.15%,0.0205,7.10%
7/18/19,1.93%,11.72%,34.64%,9.13%,0.0202,7.11%
7/19/19,1.94%,11.63%,34.67%,9.15%,0.0206,7.10%
7/22/19,1.94%,11.67%,34.44%,9.15%,0.0205,7.10%
7/23/19,1.93%,11.67%,34.18%,9.12%,0.0208,7.04%
7/24/19,1.92%,11.69%,34.21%,9.11%,0.0204,7.07%
7/25/19,1.94%,11.59%,34.26%,9.10%,0.0208,7.02%
7/26/19,1.92%,11.56%,34.33%,9.04%,0.0207,6.97%
7/29/19,1.92%,11.47%,34.09%,9.01%,0.0207,6.94%
7/30/19,1.93%,11.44%,34.11%,9.01%,0.0206,6.95%
7/31/19,1.95%,11.45%,34.11%,9.06%,0.0201,7.05%
8/13/19,1.99%,11.48%,34.22%,9.14%,0.017,7.43%
8/14/19,2.05%,11.46%,34.22%,9.24%,0.0158,7.67%
8/15/19,2.04%,11.44%,34.22%,9.22%,0.0153,7.69%
8/16/19,2.01%,11.48%,34.27%,9.18%,0.0155,7.62%
8/19/19,1.99%,11.50%,34.28%,9.14%,0.0161,7.53%
8/20/19,2.01%,11.52%,34.30%,9.17%,0.0156,7.61%
8/21/19,1.99%,11.53%,34.30%,9.14%,0.0159,7.55%
8/22/19,1.99%,11.51%,34.30%,9.13%,0.0161,7.52%
8/23/19,2.05%,11.50%,34.20%,9.23%,0.0154,7.70%
8/26/19,2.02%,11.52%,34.21%,9.20%,0.0154,7.67%
8/27/19,2.03%,11.47%,34.21%,9.18%,0.0147,7.71%
8/28/19,2.02%,11.44%,34.21%,9.14%,0.0148,7.66%
8/29/19,1.99%,11.45%,34.21%,9.09%,0.015,7.60%
8/30/19,1.99%,11.44%,34.21%,9.08%,0.015,7.58%
9/13/19,1.94%,11.38%,34.27%,8.96%,0.019,7.07%
9/16/19,1.95%,11.37%,34.27%,8.98%,0.0185,7.13%
9/17/19,1.95%,11.37%,34.20%,8.96%,0.018,7.16%
9/18/19,1.95%,11.36%,34.27%,8.95%,0.018,7.16%
9/19/19,1.95%,11.36%,34.27%,8.95%,0.0178,7.17%
9/20/19,1.96%,11.34%,34.26%,8.96%,0.0172,7.24%
9/23/19,1.97%,11.32%,34.37%,8.96%,0.0173,7.23%
9/24/19,1.98%,11.28%,34.37%,8.97%,0.0165,7.32%
9/25/19,1.97%,11.28%,34.37%,8.94%,0.0174,7.21%
9/26/19,1.97%,11.27%,34.35%,8.94%,0.0169,7.25%
9/27/19,1.99%,11.24%,34.36%,8.96%,0.0168,7.28%
9/30/19,1.98%,11.24%,34.35%,8.95%,0.0167,7.28%
10/14/19,1.99%,11.27%,34.47%,8.95%,0.0173,7.22%
10/15/19,1.97%,11.27%,34.40%,8.91%,0.0177,7.14%
10/16/19,1.97%,11.24%,34.42%,8.90%,0.0174,7.16%
10/17/19,1.97%,11.25%,34.42%,8.88%,0.0175,7.13%
10/18/19,1.98%,11.21%,34.43%,8.88%,0.0175,7.13%
10/21/19,1.96%,11.00%,34.41%,8.76%,0.018,6.96%
10/22/19,1.97%,10.97%,34.40%,8.76%,0.0176,7.00%
10/23/19,1.97%,10.97%,34.46%,8.75%,0.0176,6.98%
10/24/19,1.96%,10.91%,34.46%,8.71%,0.0177,6.94%
10/25/19,1.96%,10.90%,34.43%,8.70%,0.0179,6.91%
10/28/19,1.94%,10.87%,34.30%,8.67%,0.0184,6.83%
10/29/19,1.95%,10.83%,34.15%,8.66%,0.0184,6.82%
10/30/19,1.94%,10.95%,34.24%,8.69%,0.0177,6.92%
10/31/19,1.95%,10.92%,34.23%,8.70%,0.0169,7.01%
11/13/19,1.92%,10.77%,34.21%,8.57%,0.0189,6.69%
11/14/19,1.92%,10.75%,34.20%,8.56%,0.0182,6.74%
11/15/19,1.90%,10.74%,34.18%,8.52%,0.0183,6.69%
11/18/19,1.90%,10.76%,34.12%,8.51%,0.0182,6.70%
11/19/19,1.91%,10.78%,34.13%,8.52%,0.0178,6.74%
11/20/19,1.91%,10.78%,34.13%,8.53%,0.0175,6.79%
11/21/19,1.92%,10.79%,34.29%,8.53%,0.0177,6.76%
11/22/19,1.91%,10.79%,34.28%,8.52%,0.0177,6.75%
11/25/19,1.90%,10.80%,34.27%,8.50%,0.0176,6.74%
11/26/19,1.90%,10.87%,34.29%,8.49%,0.0174,6.75%
11/27/19,1.89%,10.89%,34.28%,8.48%,0.0177,6.71%
11/29/19,1.90%,10.87%,34.28%,8.49%,0.0178,6.72%
12/13/19,1.89%,10.72%,34.32%,8.43%,0.0182,6.60%
12/16/19,1.88%,10.74%,34.40%,8.40%,0.0187,6.53%
12/17/19,1.88%,10.74%,34.38%,8.39%,0.0188,6.51%
12/18/19,1.88%,10.75%,34.40%,8.40%,0.0192,6.48%
12/19/19,1.88%,10.75%,34.39%,8.38%,0.0192,6.46%
12/20/19,1.87%,10.79%,34.38%,8.40%,0.0192,6.49%
12/23/19,1.86%,10.80%,34.37%,8.40%,0.0193,6.47%
12/24/19,1.86%,10.83%,34.37%,8.41%,0.019,6.51%
12/26/19,1.85%,10.88%,34.37%,8.41%,0.0189,6.51%
12/27/19,1.85%,10.88%,34.36%,8.39%,0.0188,6.52%
12/30/19,1.86%,10.88%,34.37%,8.41%,0.0188,6.53%
12/31/19,1.86%,10.88%,34.35%,8.40%,0.0192,6.48%
1/13/20,1.82%,10.97%,34.76%,8.74%,0.0185,6.89%
1/14/20,1.83%,10.97%,34.79%,8.75%,0.0181,6.93%
1/15/20,1.82%,10.97%,34.83%,8.73%,0.0178,6.95%
1/16/20,1.81%,10.98%,34.84%,8.69%,0.0181,6.89%
1/17/20,1.80%,10.94%,34.85%,8.66%,0.0182,6.84%
1/21/20,1.81%,10.95%,34.86%,8.69%,0.0177,6.91%
1/22/20,1.81%,10.95%,34.90%,8.66%,0.0177,6.89%
1/23/20,1.81%,10.99%,34.88%,8.66%,0.0173,6.93%
1/24/20,1.83%,11.00%,34.83%,8.69%,0.0168,7.01%
1/27/20,1.85%,10.79%,34.62%,8.70%,0.0161,7.09%
1/28/20,1.84%,11.02%,34.28%,8.72%,0.0166,7.06%
1/29/20,1.84%,11.07%,34.28%,8.76%,0.0158,7.18%
1/30/20,1.84%,11.33%,34.24%,8.85%,0.0159,7.27%
1/31/20,1.87%,11.45%,34.29%,8.97%,0.0151,7.46%
2/13/20,1.79%,11.49%,34.30%,8.79%,0.0162,7.18%
2/14/20,1.79%,11.54%,34.31%,8.80%,0.0159,7.22%